bibkg_id,wikidata_id,other_wikidata_ids,dblp_id,DBLP publication ID,DBLP venue ID,DBLP event ID,DOI,arXiv ID,ieeeXplore,hdl.handle,d-nb.info,ACM Classification Code,ACM Digital Library citation ID,ACM Digital Library event ID,ethos,ISBN-10,ISBN-13,DBLP author ID,ORCID ID,Google Scholar ID
j_bstj_Shannon49a,Q1053345,,journals/bstj/Shannon49a,journals/bstj/Shannon49a,,,10.1002/J.1538-7305.1949.TB00928.X,,,,,,,,,,,,,
b_daglib_0084783,Q2231619,,,,,,,,,,,,,,,,978-0-19-853978-0,,,
j_rfc_rfc977,Q3415161,,journals/rfc/rfc900-999,,,,10.17487/RFC0977,,,,,,,,,,,,,
j_ploscb_Nussinov12,Q19370790,,journals/ploscb/Nussinov12,journals/ploscb/Nussinov12,,,10.1371/JOURNAL.PCBI.1002727,,,,,,,,,,,,,
j_ploscb_MortonSS13,Q21003830,,journals/ploscb/MortonSS13,journals/ploscb/MortonSS13,,,10.1371/JOURNAL.PCBI.1003092,,,,,,,,,,,,,
j_computer_LawrencePFKCGNKG01,Q21012586,,journals/computer/LawrencePFKCGNKG01,,,,10.1109/2.901164,,,,,,,,,,,,,
j_bioinformatics_UlielFAU99,Q21045413,,journals/bioinformatics/UlielFAU99,,,,10.1093/BIOINFORMATICS/15.11.930,,,,,,,,,,,,,
j_corr_abs_1109_1746,Q21089907,,journals/corr/abs-1109-1746,,,,,1109.1746,,,,,,,,,,,,
j_corr_Capraro13,Q21090724,,journals/corr/Capraro13,,,,,1307.4228,,,,,,,,,,,,
j_corr_abs_0807_1182,Q21092183,,journals/corr/abs-0807-1182,,,,,0807.1182,,,,,,,,,,,,
j_ploscb_DalchauPGHCEEW11,Q21092515,,journals/ploscb/DalchauPGHCEEW11,journals/ploscb/DalchauPGHCEEW11,,,10.1371/JOURNAL.PCBI.1002144,,,,,,,,,,,,,
j_ploscb_LinialMMR08,Q21092572,,journals/ploscb/LinialMMR08,journals/ploscb/LinialMMR08,,,10.1371/JOURNAL.PCBI.1000094,,,,,,,,,,,,,
j_ploscb_ZhuSDLPH07,Q21092575,,journals/ploscb/ZhuSDLPH07,journals/ploscb/ZhuSDLPH07,,,10.1371/JOURNAL.PCBI.0030247,,,,,,,,,,,,,
j_ploscb_SalimiV06,Q21092581,,journals/ploscb/SalimiV06,journals/ploscb/SalimiV06,,,10.1371/JOURNAL.PCBI.0020125,,,,,,,,,,,,,
j_jcheminf_OBoyleGWAABFHHHJJLLLLPPSSTTM11,Q21092921,,journals/jcheminf/OBoyleGWAABFHHHJJLLLLPPSSTTM11,journals/jcheminf/OBoyleGWAABFHHHJJLLLLPPSSTTM11,,,10.1186/1758-2946-3-37,,,,,,,,,,,,,
j_bmcbi_ArangurenAKS08,Q21093639,,journals/bmcbi/ArangurenAKS08,journals/bmcbi/ArangurenAKS08,,,10.1186/1471-2105-9-S5-S1,,,,,,,,,,,,,
j_bmcbi_HuangGHK06,Q21093641,,journals/bmcbi/HuangGHK06,journals/bmcbi/HuangGHK06,,,10.1186/1471-2105-7-451,,,,,,,,,,,,,
j_bmcbi_Page11,Q21093653,,journals/bmcbi/Page11,journals/bmcbi/Page11,,,10.1186/1471-2105-12-187,,,,,,,,,,,,,
j_corr_MageeMM14,Q21131917,,journals/corr/MageeMM14,,,,,1405.6623,,,,,,,,,,,,
j_corr_abs_1202_3643,Q21134527,,journals/corr/abs-1202-3643,,,,,1202.3643,,,,,,,,,,,,
j_corr_abs_1102_1889,Q21135239,,journals/corr/abs-1102-1889,,,,,1102.1889,,,,,,,,,,,,
j_ploscb_ZareWHWSNSWBN14,Q21145293,,journals/ploscb/ZareWHWSNSWBN14,journals/ploscb/ZareWHWSNSWBN14,,,10.1371/JOURNAL.PCBI.1003703,,,,,,,,,,,,,
j_ploscb_BeshnovaCVT14,Q21145294,,journals/ploscb/BeshnovaCVT14,journals/ploscb/BeshnovaCVT14,,,10.1371/JOURNAL.PCBI.1003698,,,,,,,,,,,,,
j_ploscb_AnanthasubramaniamHH14,Q21145299,,journals/ploscb/AnanthasubramaniamHH14,journals/ploscb/AnanthasubramaniamHH14,,,10.1371/JOURNAL.PCBI.1003565,,,,,,,,,,,,,
j_ploscb_TsengHHCS12,Q21145316,,journals/ploscb/TsengHHCS12,journals/ploscb/TsengHHCS12,,,10.1371/JOURNAL.PCBI.1002437,,,,,,,,,,,,,
j_ploscb_LobkovskyWK11,Q21145317,,journals/ploscb/LobkovskyWK11,journals/ploscb/LobkovskyWK11,,,10.1371/JOURNAL.PCBI.1002302,,,,,,,,,,,,,
j_ploscb_TingWSMJD10,Q21145340,,journals/ploscb/TingWSMJD10,journals/ploscb/TingWSMJD10,,,10.1371/JOURNAL.PCBI.1000763,,,,,,,,,,,,,
j_ploscb_SchnoesBDB09,Q21145347,,journals/ploscb/SchnoesBDB09,journals/ploscb/SchnoesBDB09,,,10.1371/JOURNAL.PCBI.1000605,,,,,,,,,,,,,
j_ploscb_LopesVHBS08,Q21145368,,journals/ploscb/LopesVHBS08,journals/ploscb/LopesVHBS08,,,10.1371/JOURNAL.PCBI.1000184,,,,,,,,,,,,,
j_ploscb_LagunaBJ08,Q21145379,,journals/ploscb/LagunaBJ08,journals/ploscb/LagunaBJ08,,,10.1371/JOURNAL.PCBI.1000055,,,,,,,,,,,,,
j_ploscb_PepperSM07,Q21145656,,journals/ploscb/PepperSM07,journals/ploscb/PepperSM07,,,10.1371/JOURNAL.PCBI.0030250,,,,,,,,,,,,,
j_ploscb_KassonP07,Q21145657,,journals/ploscb/KassonP07,journals/ploscb/KassonP07,,,10.1371/JOURNAL.PCBI.0030220,,,,,,,,,,,,,
j_ploscb_FranziusSW07,Q21145660,,journals/ploscb/FranziusSW07,journals/ploscb/FranziusSW07,,,10.1371/JOURNAL.PCBI.0030166,,,,,,,,,,,,,
j_ploscb_ManoonpongGKPW07,Q21145663,,journals/ploscb/ManoonpongGKPW07,journals/ploscb/ManoonpongGKPW07,,,10.1371/JOURNAL.PCBI.0030134,,,,,,,,,,,,,
j_ploscb_YandellMSPKHLR06,Q21145689,,journals/ploscb/YandellMSPKHLR06,journals/ploscb/YandellMSPKHLR06,,,10.1371/JOURNAL.PCBI.0020015,,,,,,,,,,,,,
j_bmcbi_PravdaBVSBLKO14,Q21146741,,journals/bmcbi/PravdaBVSBLKO14,journals/bmcbi/PravdaBVSBLKO14,,,10.1186/S12859-014-0379-X,,,,,,,,,,,,,
j_bmcsb_WangYPHLSXL12,Q21202771,,journals/bmcsb/WangYPHLSXL12,journals/bmcsb/WangYPHLSXL12,,,10.1186/1752-0509-6-S3-S21,,,,,,,,,,,,,
j_bmcsb_SelivanovVMFLC10,Q21202788,,journals/bmcsb/SelivanovVMFLC10,journals/bmcsb/SelivanovVMFLC10,,,10.1186/1752-0509-4-135,,,,,,,,,,,,,
j_midm_NeamatullahDLRVLSMMC08,Q21254603,,journals/midm/NeamatullahDLRVLSMMC08,journals/midm/NeamatullahDLRVLSMMC08,,,10.1186/1472-6947-8-32,,,,,,,,,,,,,
j_midm_SchardtAOKF07,Q21254606,,journals/midm/SchardtAOKF07,journals/midm/SchardtAOKF07,,,10.1186/1472-6947-7-16,,,,,,,,,,,,,
j_midm_DaumerNLSWHa07,Q21254607,,journals/midm/DaumerNLSWHa07,journals/midm/DaumerNLSWHa07,,,10.1186/1472-6947-7-11,,,,,,,,,,,,,
j_midm_WrightMF11,Q21254615,,journals/midm/WrightMF11,journals/midm/WrightMF11,,,10.1186/1472-6947-11-36,,,,,,,,,,,,,
j_midm_LamyERSBSDBSFFV10,Q21254619,,journals/midm/LamyERSBSDBSFFV10,journals/midm/LamyERSBSDBSFFV10,,,10.1186/1472-6947-10-31,,,,,,,,,,,,,
j_bmcbi_Zhang08,Q21284202,,journals/bmcbi/Zhang08,journals/bmcbi/Zhang08,,,10.1186/1471-2105-9-40,,,,,,,,,,,,,
j_bmcbi_SheariKKASPEM08,Q21284203,,journals/bmcbi/SheariKKASPEM08,journals/bmcbi/SheariKKASPEM08,,,10.1186/1471-2105-9-274,,,,,,,,,,,,,
j_bmcbi_DongYSKKMGLZ08,Q21284204,,journals/bmcbi/DongYSKKMGLZ08,journals/bmcbi/DongYSKKMGLZ08,,,10.1186/1471-2105-9-260,,,,,,,,,,,,,
j_bmcbi_SchatzTDV07,Q21284218,,journals/bmcbi/SchatzTDV07,journals/bmcbi/SchatzTDV07,,,10.1186/1471-2105-8-474,,,,,,,,,,,,,
j_bmcbi_VisWSG07,Q21284225,,journals/bmcbi/VisWSG07,journals/bmcbi/VisWSG07,,,10.1186/1471-2105-8-322,,,,,,,,,,,,,
j_bmcbi_ThomasHBTU07,Q21284228,,journals/bmcbi/ThomasHBTU07,journals/bmcbi/ThomasHBTU07,,,10.1186/1471-2105-8-21,,,,,,,,,,,,,
j_bmcbi_Wendl07,Q21284231,,journals/bmcbi/Wendl07,journals/bmcbi/Wendl07,,,10.1186/1471-2105-8-127,,,,,,,,,,,,,
j_bmcbi_RileyCK07,Q21284232,,journals/bmcbi/RileyCK07,journals/bmcbi/RileyCK07,,,10.1186/1471-2105-8-112,,,,,,,,,,,,,
j_bmcbi_SeringhausG07,Q21284236,,journals/bmcbi/SeringhausG07,journals/bmcbi/SeringhausG07,,,10.1186/1471-2105-8-17,,,,,,,,,,,,,
j_bmcbi_Cartwright06,Q21284244,,journals/bmcbi/Cartwright06,journals/bmcbi/Cartwright06,,,10.1186/1471-2105-7-527,,,,,,,,,,,,,
j_bmcbi_KlostermanUBBCKGH06,Q21284256,,journals/bmcbi/KlostermanUBBCKGH06,journals/bmcbi/KlostermanUBBCKGH06,,,10.1186/1471-2105-7-428,,,,,,,,,,,,,
j_bmcbi_Korf04,Q21284285,,journals/bmcbi/Korf04,journals/bmcbi/Korf04,,,10.1186/1471-2105-5-59,,,,,,,,,,,,,
j_bmcbi_DillonB04,Q21284291,,journals/bmcbi/DillonB04,journals/bmcbi/DillonB04,,,10.1186/1471-2105-5-109,,,,,,,,,,,,,
j_bmcbi_LarosBDT11,Q21284326,,journals/bmcbi/LarosBDT11,journals/bmcbi/LarosBDT11,,,10.1186/1471-2105-12-S4-S5,,,,,,,,,,,,,
j_bmcbi_MoritzKRIAPCC11,Q21284329,,journals/bmcbi/MoritzKRIAPCC11,journals/bmcbi/MoritzKRIAPCC11,,,10.1186/1471-2105-12-S15-S1,,,,,,,,,,,,,
j_bmcbi_JiangNBV11,Q21284331,,journals/bmcbi/JiangNBV11,journals/bmcbi/JiangNBV11,,,10.1186/1471-2105-12-89,,,,,,,,,,,,,
j_bmcbi_ChiangCQSC11,Q21284336,,journals/bmcbi/ChiangCQSC11,journals/bmcbi/ChiangCQSC11,,,10.1186/1471-2105-12-361,,,,,,,,,,,,,
j_bmcbi_BenabderrahmaneSPND10,Q21284341,,journals/bmcbi/BenabderrahmaneSPND10,journals/bmcbi/BenabderrahmaneSPND10,,,10.1186/1471-2105-11-588,,,,,,,,,,,,,
j_bmcbi_WenigO10,Q21284347,,journals/bmcbi/WenigO10,journals/bmcbi/WenigO10,,,10.1186/1471-2105-11-405,,,,,,,,,,,,,
j_bmcbi_AlmeidaDM10,Q21284350,,journals/bmcbi/AlmeidaDM10,journals/bmcbi/AlmeidaDM10,,,10.1186/1471-2105-11-387,,,,,,,,,,,,,
j_bmcbi_MasciADLMSSC09,Q21284365,,journals/bmcbi/MasciADLMSSC09,journals/bmcbi/MasciADLMSSC09,,,10.1186/1471-2105-10-70,,,,,,,,,,,,,
j_bmcbi_LeaderM09,Q21284366,,journals/bmcbi/LeaderM09,journals/bmcbi/LeaderM09,,,10.1186/1471-2105-10-60,,,,,,,,,,,,,
j_bmcbi_CamachoCAMPBM09,Q21284368,,journals/bmcbi/CamachoCAMPBM09,journals/bmcbi/CamachoCAMPBM09,,,10.1186/1471-2105-10-421,,,,,,,,,,,,,
j_bmcbi_KashaniAENAAMSM09,Q21284372,,journals/bmcbi/KashaniAENAAMSM09,journals/bmcbi/KashaniAENAAMSM09,,,10.1186/1471-2105-10-318,,,,,,,,,,,,,
j_bmcbi_WagenerSWW09,Q21284376,,journals/bmcbi/WagenerSWW09,journals/bmcbi/WagenerSWW09,,,10.1186/1471-2105-10-279,,,,,,,,,,,,,
j_ejasp_WangP06,Q21284472,,journals/ejasp/WangP06,journals/ejasp/WangP06,,,10.1155/ASP/2006/95360,,,,,,,,,,,,,
j_ijmmsc_BulboacaCK12,Q21285134,,journals/ijmmsc/BulboacaCK12,journals/ijmmsc/BulboacaCK12,,,10.1155/2012/976374,,,,,,,,,,,,,
j_ejasp_SchettiniC10,Q21296839,,journals/ejasp/SchettiniC10,journals/ejasp/SchettiniC10,,,10.1155/2010/746052,,,,,,,,,,,,,
j_ejes_Ruocco08,Q21342837,,journals/ejes/Ruocco08,journals/ejes/Ruocco08,,,10.1155/2008/234710,,,,,,,,,,,,,
j_ejasp_KarjalainenP07,Q21342977,,journals/ejasp/KarjalainenP07,journals/ejasp/KarjalainenP07,,,10.1155/2007/60949,,,,,,,,,,,,,
j_ploscb_GenerousFDVP14,Q21563470,,journals/ploscb/GenerousFDVP14,journals/ploscb/GenerousFDVP14,,,10.1371/JOURNAL.PCBI.1003892,,,,,,,,,,,,,
j_ploscb_BonnyFLSK13,Q21563474,,journals/ploscb/BonnyFLSK13,journals/ploscb/BonnyFLSK13,,,10.1371/JOURNAL.PCBI.1003347,,,,,,,,,,,,,
j_ploscb_KarczewskiDA12,Q21563496,,journals/ploscb/KarczewskiDA12,journals/ploscb/KarczewskiDA12,,,10.1371/JOURNAL.PCBI.1002817,,,,,,,,,,,,,
j_ploscb_VicensB07,Q21563504,,journals/ploscb/VicensB07,journals/ploscb/VicensB07,,,10.1371/JOURNAL.PCBI.0030044,,,,,,,,,,,,,
j_siamcomp_GoldwasserMR89,Q21694644,,journals/siamcomp/GoldwasserMR89,journals/siamcomp/GoldwasserMR89,,,10.1137/0218012,,,,,,,,,,,,,
c_crypto_GoldreichMW86,Q21721320,,conf/crypto/GoldreichMW86,conf/crypto/GoldreichMW86,,,10.1007/3-540-47721-7_11,,,,,,,,,,,,,
c_crypto_1991,Q21721408,,conf/crypto/crypto91,,,,10.1007/3-540-46766-1,,,,,,,,,,,,,
c_crypto_1998,Q21722638,,conf/crypto/crypto98,,,,10.1007/BFB0055715,,,,,,,,,,,,,
j_ieicet_ChidaY08,Q21724669,,journals/ieicet/ChidaY08,journals/ieicet/ChidaY08,,,10.1093/IETFEC/E91-A.1.150,,,,,,,,,,,,,
j_iet_ifs_Peng12,Q21725038,,journals/iet-ifs/Peng12,journals/iet-ifs/Peng12,,,10.1049/IET-IFS.2011.0290,,,,,,,,,,,,,
c_stoc_2006,Q21725069,,conf/stoc/stoc2006,,,,,,,,,,,,,1-59593-134-1,,,,
c_eurocrypt_2007,Q21777804,,conf/eurocrypt/eurocrypt2007,,,,10.1007/978-3-540-72540-4,,,,,,,,,,978-3-540-72539-8,,,
c_wikis_2011,Q21819104,,conf/wikis/wikis2011,,,,,,,,,,,,,,978-1-4503-0909-7,,,
c_eurocrypt_94,Q21843218,,conf/eurocrypt/eurocrypt94,,,,10.1007/BFB0053418,,,,,,,,,,,,,
j_chinaf_WuF02,Q21865845,,journals/chinaf/WuF02,journals/chinaf/WuF02,,,,,,,,,,,,,,,,
j_tit_OlsenSW82,Q21884090,,journals/tit/OlsenSW82,journals/tit/OlsenSW82,,,10.1109/TIT.1982.1056589,,,,,,,,,,,,,
c_eurocrypt_2005,Q21898129,,conf/eurocrypt/eurocrypt2005,,,,10.1007/B136415,,,,,,,,,,,,,
j_secinf_GreeneTM12,Q21996376,,journals/secinf/GreeneTM12,journals/secinf/GreeneTM12,,,10.1186/2190-8532-1-12,,,,,,,,,,,,,
j_biomedsem_HaendelBBBBBCDDDHILMNRSM14,Q22001246,,journals/biomedsem/HaendelBBBBBCDDDHILMNRSM14,journals/biomedsem/HaendelBBBBBCDDDHILMNRSM14,,,10.1186/2041-1480-5-21,,,,,,,,,,,,,
j_nar_AndreevaHCKM14,Q22061728,,journals/nar/AndreevaHCKM14,journals/nar/AndreevaHCKM14,,,10.1093/NAR/GKT1242,,,,,,,,,,,,,
c_esem_Martinez_Fernandez15,Q22061826,,conf/esem/Martinez-Fernandez15,,,,10.1109/ESEM.2015.7321184,,,,,,,,,,,,,
j_nar_BensonKLOW08,Q22065976,,journals/nar/BensonKLOW08,journals/nar/BensonKLOW08,,,10.1093/NAR/GKM929,,,,,,,,,,,,,
j_computing_DaemenLPRV09,Q22073990,,journals/computing/DaemenLPRV09,journals/computing/DaemenLPRV09,,,10.1007/S00607-009-0034-Y,,,,,,,,,,,,,
j_nar_SloofBVB87,Q22083686,,journals/nar/SloofBVB87,journals/nar/SloofBVB87,,,10.1093/NAR/15.1.51,,,,,,,,,,,,,
j_cm_Abramson09,Q22116856,,journals/cm/Abramson09,journals/cm/Abramson09,,,10.1109/MCOM.2009.5350363,,,,,,,,,,,,,
j_nature_GoldmanBCDLSB13,Q22122142,,journals/nature/GoldmanBCDLSB13,journals/nature/GoldmanBCDLSB13,,,10.1038/NATURE11875,,,,,,,,,,,,,
c_kdd_SpanglerWBNDHRPCMSKLLPLDCL14,Q22122723,,conf/kdd/SpanglerWBNDHRPCMSKLLPLDCL14,conf/kdd/SpanglerWBNDHRPCMSKLLPLDCL14,,,10.1145/2623330.2623667,,,,,,,,,,,,,
j_nar_FontaineBSHMA09,Q22242846,,journals/nar/FontaineBSHMA09,journals/nar/FontaineBSHMA09,,,10.1093/NAR/GKP353,,,,,,,,,,,,,
c_vstte_2005,Q22244830,,conf/vstte/vstte2005,,,,10.1007/978-3-540-69149-5,,,,,,,,,,978-3-540-69147-1,,,
j_scholarpedia_Kibble09,Q22305419,,journals/scholarpedia/Kibble09,journals/scholarpedia/Kibble09,,,10.4249/SCHOLARPEDIA.8741,,,,,,,,,,,,,
j_neuroimage_KnudsenJEBEFGHH16,Q22329404,,journals/neuroimage/KnudsenJEBEFGHH16,journals/neuroimage/KnudsenJEBEFGHH16,,,10.1016/J.NEUROIMAGE.2015.04.025,,,,,,,,,,,,,
j_nar_WienerSLN12,Q22337123,,journals/nar/WienerSLN12,journals/nar/WienerSLN12,,,10.1093/NAR/GKR755,,,,,,,,,,,,,
j_ploscb_BlischakDW16,Q22341585,,journals/ploscb/BlischakDW16,journals/ploscb/BlischakDW16,,,10.1371/JOURNAL.PCBI.1004668,,,,,,,,,,,,,
j_jasis_ArazySRAFGY10,Q22667742,,journals/jasis/ArazySRAFGY10,journals/jasis/ArazySRAFGY10,,,10.1002/ASI.21326,,,,,,,,,,,,,
j_bioinformatics_ForstnerVS14,Q22951230,,journals/bioinformatics/ForstnerVS14,journals/bioinformatics/ForstnerVS14,,,10.1093/BIOINFORMATICS/BTU533,,,,,,,,,,,,,
c_semweb_BatchelorBCDDDEGGGGHKLOPSSTWWW14,Q23034460,,conf/semweb/BatchelorBCDDDEGGGGHKLOPSSTWWW14,conf/semweb/BatchelorBCDDDEGGGGHKLOPSSTWWW14,,,10.1007/978-3-319-11964-9_7,,,,,,,,,,,,,
j_neuroimage_VuustRWMO06,Q23889312,,journals/neuroimage/VuustRWMO06,journals/neuroimage/VuustRWMO06,,,10.1016/J.NEUROIMAGE.2005.12.037,,,,,,,,,,,,,
j_hf_GargKHMBBTMDBM14,Q23910130,,journals/hf/GargKHMBBTMDBM14,journals/hf/GargKHMBBTMDBM14,,,10.1177/0018720813491284,,,,,,,,,,,,,
c_rws_Zhou15,Q23910773,,conf/rws/Zhou15,conf/rws/Zhou15,,,10.1109/RWS.2015.7129760,,,,,,,,,,,,,
c_vr_ZielinskiMK14,Q23911505,,conf/vr/ZielinskiMK14,,,,10.1109/VR.2014.6802083,,,,,,,,,,,,,
j_ijhci_HoekstraHST96,Q23912385,,journals/ijhci/HoekstraHST96,journals/ijhci/HoekstraHST96,,,10.1080/10447319609526162,,,,,,,,,,,,,
j_hf_FathallahTW16,Q23912800,,journals/hf/FathallahTW16,journals/hf/FathallahTW16,,,10.1177/0018720816631902,,,,,,,,,,,,,
j_hf_GerrFMARJMM14,Q23912903,,journals/hf/GerrFMARJMM14,journals/hf/GerrFMARJMM14,,,10.1177/0018720813491114,,,,,,,,,,,,,
j_hf_FitchKHK07,Q23913252,,journals/hf/FitchKHK07,journals/hf/FitchKHK07,,,10.1518/001872007X215782,,,,,,,,,,,,,
c_embc_LiMWLGJZM12,Q23913383,,conf/embc/LiMWLGJZM12,conf/embc/LiMWLGJZM12,,,10.1109/EMBC.2012.6345978,,,,,,,,,,,,,
j_hf_AmandusBTB12,Q23913439,,journals/hf/AmandusBTB12,journals/hf/AmandusBTB12,,,10.1177/0018720811403140,,,,,,,,,,,,,
c_csee_2004,Q23913819,,conf/csee/csee2004,,,,,,8994,,,,,,,,,,,
c_iasam_LiRDWM15,Q23913949,,conf/iasam/LiRDWM15,conf/iasam/LiRDWM15,,,10.1109/IAS.2015.7356900,,,,,,,,,,,,,
j_technometrics_KrishnamoorthyM04,Q23915752,,journals/technometrics/KrishnamoorthyM04,journals/technometrics/KrishnamoorthyM04,,,10.1198/004017004000000103,,,,,,,,,,,,,
j_hf_AsundiBR05,Q23916356,,journals/hf/AsundiBR05,journals/hf/AsundiBR05,,,10.1518/0018720053653848,,,,,,,,,,,,,
j_hf_NussbaumJ02,Q23918094,,journals/hf/NussbaumJ02,journals/hf/NussbaumJ02,,,10.1518/0018720024496908,,,,,,,,,,,,,
j_hf_SimeonovHDA03,Q23919443,,journals/hf/SimeonovHDA03,journals/hf/SimeonovHDA03,,,10.1518/HFES.45.1.136.27232,,,,,,,,,,,,,
j_tbe_ZengPH00,Q23921327,,journals/tbe/ZengPH00,journals/tbe/ZengPH00,,,10.1109/10.827316,,,,,,,,,,,,,
c_iasam_Ruff08,Q23922205,,conf/iasam/Ruff08,conf/iasam/Ruff08,,,10.1109/08IAS.2008.342,,,,,,,,,,,,,
j_hf_MarrasFLSY14,Q23923817,,journals/hf/MarrasFLSY14,journals/hf/MarrasFLSY14,,,10.1177/0018720813496814,,,,,,,,,,,,,
j_neuroimage_DasGMMRRRMMGMKA16,Q23936617,,journals/neuroimage/DasGMMRRRMMGMKA16,journals/neuroimage/DasGMMRRRMMGMKA16,,,10.1016/J.NEUROIMAGE.2015.08.076,,,,,,,,,,,,,
j_neuroimage_MennesKZMBCM10,Q23993542,,journals/neuroimage/MennesKZMBCM10,journals/neuroimage/MennesKZMBCM10,,,10.1016/J.NEUROIMAGE.2010.01.002,,,,,,,,,,,,,
c_rws_ZhouJR16,Q24170438,,conf/rws/ZhouJR16,conf/rws/ZhouJR16,,,10.1109/RWS.2016.7444368,,,,,,,,,,,,,
j_scientometrics_Fanelli12,Q24273200,,journals/scientometrics/Fanelli12,journals/scientometrics/Fanelli12,,,10.1007/S11192-011-0494-7,,,,,,,,,,,,,
j_neuroimage_HansonMH04,Q24276721,,journals/neuroimage/HansonMH04,journals/neuroimage/HansonMH04,,,10.1016/J.NEUROIMAGE.2004.05.020,,,,,,,,,,,,,
j_neuroimage_WalzGCMBS15,Q24278190,,journals/neuroimage/WalzGCMBS15,journals/neuroimage/WalzGCMBS15,,,10.1016/J.NEUROIMAGE.2015.03.028,,,,,,,,,,,,,
j_bmcbi_GreenfeldMPMWGH15,Q24288893,,journals/bmcbi/GreenfeldMPMWGH15,journals/bmcbi/GreenfeldMPMWGH15,,,10.1186/S12859-014-0429-4,,,,,,,,,,,,,
j_midm_Schwitzer13,Q24288948,,journals/midm/Schwitzer13,journals/midm/Schwitzer13,,,10.1186/1472-6947-13-S3-S3,,,,,,,,,,,,,
j_jamia_MorganCB12,Q24289049,,journals/jamia/MorganCB12,journals/jamia/MorganCB12,,,10.1136/AMIAJNL-2011-000737,,,,,,,,,,,,,
j_ni_Kennedy15,Q24289461,,journals/ni/Kennedy15,journals/ni/Kennedy15,,,10.1007/S12021-015-9283-4,,,,,,,,,,,,,
j_see_Berger15,Q24289463,,journals/see/Berger15,journals/see/Berger15,,,10.1007/S11948-014-9576-2,,,,,,,,,,,,,
j_scientometrics_JuznicPZMPD10,Q24289477,,journals/scientometrics/JuznicPZMPD10,journals/scientometrics/JuznicPZMPD10,,,10.1007/S11192-010-0230-8,,,,,,,,,,,,,
j_scientometrics_Raan96a,Q24289515,,journals/scientometrics/Raan96a,journals/scientometrics/Raan96a,,,10.1007/BF02129602,,,,,,,,,,,,,
j_nar_FernandezYABBCTOL11,Q24298609,,journals/nar/FernandezYABBCTOL11,journals/nar/FernandezYABBCTOL11,,,10.1093/NAR/GKQ749,,,,,,,,,,,,,
j_nature_JagerCGJMCSMPLH12,Q24300336,,journals/nature/JagerCGJMCSMPLH12,journals/nature/JagerCGJMCSMPLH12,,,10.1038/NATURE10719,,,,,,,,,,,,,
c_iasam_ReyesKM12,Q24354578,,conf/iasam/ReyesKM12,conf/iasam/ReyesKM12,,,10.1109/IAS.2012.6374076,,,,,,,,,,,,,
j_nar_SilvesterAACCGGHKLLLLPPPRRSSTVZC15,Q24426457,,journals/nar/SilvesterAACCGGHKLLLLPPPRRSSTVZC15,journals/nar/SilvesterAACCGGHKLLLLPPPRRSSTVZC15,,,10.1093/NAR/GKU1129,,,,,,,,,,,,,
j_nar_HudsonLW15,Q24427252,,journals/nar/HudsonLW15,journals/nar/HudsonLW15,,,10.1093/NAR/GKU1072,,,,,,,,,,,,,
j_nar_DicksACCCDDGMMMOOTWW00,Q24515293,,journals/nar/DicksACCCDDGMMMOOTWW00,journals/nar/DicksACCCDDGMMMOOTWW00,,,10.1093/NAR/28.1.104,,,,,,,,,,,,,
j_nar_ZhangZZNYXLL05,Q24530232,,journals/nar/ZhangZZNYXLL05,journals/nar/ZhangZZNYXLL05,,,10.1093/NAR/GKI358,,,,,,,,,,,,,
j_nar_NoeK05,Q24530540,,journals/nar/NoeK05,journals/nar/NoeK05,,,10.1093/NAR/GKI478,,,,,,,,,,,,,
j_jamia_MoenB05,Q24535774,,journals/jamia/MoenB05,journals/jamia/MoenB05,,,10.1197/JAMIA.M1758,,,,,,,,,,,,,
j_nar_NishantCR06,Q24538140,,journals/nar/NishantCR06,journals/nar/NishantCR06,,,10.1093/NAR/GKJ009,,,,,,,,,,,,,
j_nar_HolsteHTB06,Q24538469,,journals/nar/HolsteHTB06,journals/nar/HolsteHTB06,,,10.1093/NAR/GKJ048,,,,,,,,,,,,,
j_nar_MokrejsVKMFSSKP06,Q24538569,,journals/nar/MokrejsVKMFSSKP06,journals/nar/MokrejsVKMFSSKP06,,,10.1093/NAR/GKJ081,,,,,,,,,,,,,
j_nar_WuABNBBFGHLMMMORS06,Q24538737,,journals/nar/WuABNBBFGHLMMMORS06,journals/nar/WuABNBBFGHLMMMORS06,,,10.1093/NAR/GKJ161,,,,,,,,,,,,,
j_cp_HolmesS04,Q24538992,,journals/cp/HolmesS04,journals/cp/HolmesS04,,,10.1007/S10339-004-0013-3,,,,,,,,,,,,,
j_nar_SrinivasaraoYMOBP99,Q24548403,,journals/nar/SrinivasaraoYMOBP99,journals/nar/SrinivasaraoYMOBP99,,,10.1093/NAR/27.1.284,,,,,,,,,,,,,
j_nar_HubbardBBCCCCCCDDEGHHKLLMMPPPRSSSSSSSSUVC03,Q24548408,,journals/nar/HubbardBBCCCCCCDDEGHHKLLMMPPPRSSSSSSSSUVC03,journals/nar/HubbardBBCCCCCCDDEGHHKLLMMPPPRSSSSSSSSUVC03,,,10.1093/NAR/30.1.38,,,,,,,,,,,,,
j_nar_TatenoIMFSSG03,Q24548418,,journals/nar/TatenoIMFSSG03,journals/nar/TatenoIMFSSG03,,,10.1093/NAR/30.1.27,,,,,,,,,,,,,
j_nar_SzymanskiBEB03,Q24548424,,journals/nar/SzymanskiBEB03,journals/nar/SzymanskiBEB03,,,10.1093/NAR/30.1.176,,,,,,,,,,,,,
j_nar_SteponavicieneMPJ99,Q24548820,,journals/nar/SteponavicieneMPJ99,journals/nar/SteponavicieneMPJ99,,,10.1093/NAR/27.13.2644,,,,,,,,,,,,,
j_jamia_FiskMLETN03,Q24550991,,journals/jamia/FiskMLETN03,journals/jamia/FiskMLETN03,,,10.1197/JAMIA.M1133,,,,,,,,,,,,,
j_jamia_ParkerC00,Q24555031,,journals/jamia/ParkerC00,journals/jamia/ParkerC00,,,10.1136/JAMIA.2000.0070453,,,,,,,,,,,,,
j_jamia_WarrenC98,Q24555077,,journals/jamia/WarrenC98,journals/jamia/WarrenC98,,,10.1136/JAMIA.1998.0050335,,,,,,,,,,,,,
j_pnas_WashietlHS05,Q24556645,,journals/pnas/WashietlHS05,journals/pnas/WashietlHS05,,,10.1073/PNAS.0409169102,,,,,,,,,,,,,
j_nar_AshurstCGJKMSSSTWH05,Q24558564,,journals/nar/AshurstCGJKMSSSTWH05,journals/nar/AshurstCGJKMSSSTWH05,,,10.1093/NAR/GKI135,,,,,,,,,,,,,
j_nar_OBrienRS05,Q24558576,,journals/nar/OBrienRS05,journals/nar/OBrienRS05,,,10.1093/NAR/GKI107,,,,,,,,,,,,,
j_nar_RetterAMM05,Q24558577,,journals/nar/RetterAMM05,journals/nar/RetterAMM05,,,10.1093/NAR/GKI088,,,,,,,,,,,,,
j_nar_ReyAGLFLB05,Q24558590,,journals/nar/ReyAGLFLB05,journals/nar/ReyAGLFLB05,,,10.1093/NAR/GKI027,,,,,,,,,,,,,
j_nar_PruittTM05,Q24558592,,journals/nar/PruittTM05,journals/nar/PruittTM05,,,10.1093/NAR/GKI025,,,,,,,,,,,,,
j_nar_GiudicelliCL05,Q24558596,,journals/nar/GiudicelliCL05,journals/nar/GiudicelliCL05,,,10.1093/NAR/GKI010,,,,,,,,,,,,,
j_nar_LaskowskiCT05,Q24558599,,journals/nar/LaskowskiCT05,journals/nar/LaskowskiCT05,,,10.1093/NAR/GKI001,,,,,,,,,,,,,
j_nar_MaitiDZW04,Q24562032,,journals/nar/MaitiDZW04,journals/nar/MaitiDZW04,,,10.1093/NAR/GKH477,,,,,,,,,,,,,
j_nar_YeG04,Q24562059,,journals/nar/YeG04,journals/nar/YeG04,,,10.1093/NAR/GKH430,,,,,,,,,,,,,
j_pnas_CoventryKB04,Q24563500,,journals/pnas/CoventryKB04,journals/pnas/CoventryKB04,,,10.1073/PNAS.0404193101,,,,,,,,,,,,,
j_bioinformatics_RogersGKWLTW08,Q24564096,,journals/bioinformatics/RogersGKWLTW08,journals/bioinformatics/RogersGKWLTW08,,,10.1093/BIOINFORMATICS/BTN553,,,,,,,,,,,,,
j_nar_Coordinators14,Q24567737,,journals/nar/Coordinators14,journals/nar/Coordinators14,,,10.1093/NAR/GKT1146,,,,,,,,,,,,,
j_nar_HeRSLTHLPZCOSDUKVSJX14,Q24567754,,journals/nar/HeRSLTHLPZCOSDUKVSJX14,journals/nar/HeRSLTHLPZCOSDUKVSJX14,,,10.1093/NAR/GKT1133,,,,,,,,,,,,,
j_neuroimage_LangsMLG11,Q24567989,,journals/neuroimage/LangsMLG11,journals/neuroimage/LangsMLG11,,,10.1016/J.NEUROIMAGE.2010.07.074,,,,,,,,,,,,,
j_nar_KanehisaGSKFT14,Q24568332,,journals/nar/KanehisaGSKFT14,journals/nar/KanehisaGSKFT14,,,10.1093/NAR/GKT1076,,,,,,,,,,,,,
j_nar_MiMT13,Q24595315,,journals/nar/MiMT13,journals/nar/MiMT13,,,10.1093/NAR/GKS1118,,,,,,,,,,,,,
j_nar_CochraneAABCCGGJKLLLMOPPPPRRRSSSHTVZ13,Q24595362,,journals/nar/CochraneAABCCGGJKLLLMOPPPPRRRSSSHTVZ13,journals/nar/CochraneAABCCGGJKLLLMOPPPPRRRSSSHTVZ13,,,10.1093/NAR/GKS1175,,,,,,,,,,,,,
j_nar_KulakovskiyMSKVBM13,Q24595809,,journals/nar/KulakovskiyMSKVBM13,journals/nar/KulakovskiyMSKVBM13,,,10.1093/NAR/GKS1089,,,,,,,,,,,,,
j_nar_FleischmannDDFBABSTA04,Q24599172,,journals/nar/FleischmannDDFBABSTA04,journals/nar/FleischmannDDFBABSTA04,,,10.1093/NAR/GKH119,,,,,,,,,,,,,
j_nar_HermjakobMLMKOVRRVMABCSA04,Q24600582,,journals/nar/HermjakobMLMKOVRRVMABCSA04,journals/nar/HermjakobMLMKOVRRVMABCSA04,,,10.1093/NAR/GKH052,,,,,,,,,,,,,
j_biodb_StehrDLBB10,Q24601216,,journals/biodb/StehrDLBB10,,,,10.1093/DATABASE/BAQ009,,,,,,,,,,,,,
j_nar_BrazasYYO11,Q24602929,,journals/nar/BrazasYYO11,journals/nar/BrazasYYO11,,,10.1093/NAR/GKR514,,,,,,,,,,,,,
j_nar_LarsonM82,Q24606377,,journals/nar/LarsonM82,journals/nar/LarsonM82,,,10.1093/NAR/10.1.39,,,,,,,,,,,,,
j_nar_SakuraiAOSOSHYYAAHYKOTKSSS11,Q24607271,,journals/nar/SakuraiAOSOSHYYAAHYKOTKSSS11,journals/nar/SakuraiAOSOSHYYAAHYKOTKSSS11,,,10.1093/NAR/GKQ989,,,,,,,,,,,,,
j_jbi_CaoLSABCEY11,Q24607276,,journals/jbi/CaoLSABCEY11,journals/jbi/CaoLSABCEY11,,,10.1016/J.JBI.2011.01.004,,,,,,,,,,,,,
j_jbi_ZhuFBWC09,Q24607323,,journals/jbi/ZhuFBWC09,journals/jbi/ZhuFBWC09,,,10.1016/J.JBI.2009.03.003,,,,,,,,,,,,,
j_bioinformatics_BonnalAGGMMMPRSSSVWWKP12,Q24607601,,journals/bioinformatics/BonnalAGGMMMPRSSSVWWKP12,journals/bioinformatics/BonnalAGGMMMPRSSSVWWKP12,,,10.1093/BIOINFORMATICS/BTS080,,,,,,,,,,,,,
j_pnas_OkamotoOHT11,Q24607734,,journals/pnas/OkamotoOHT11,journals/pnas/OkamotoOHT11,,,10.1073/PNAS.1018839108,,,,,,,,,,,,,
j_nar_SchaeferSB11,Q24607892,,journals/nar/SchaeferSB11,journals/nar/SchaeferSB11,,,10.1093/NAR/GKQ945,,,,,,,,,,,,,
j_nar_ChenJD11,Q24607987,,journals/nar/ChenJD11,journals/nar/ChenJD11,,,10.1093/NAR/GKQ943,,,,,,,,,,,,,
j_nar_LiuCGZWYYRX11,Q24608175,,journals/nar/LiuCGZWYYRX11,journals/nar/LiuCGZWYYRX11,,,10.1093/NAR/GKQ939,,,,,,,,,,,,,
j_nar_Laskowski01,Q24608528,,journals/nar/Laskowski01,journals/nar/Laskowski01,,,10.1093/NAR/29.1.221,,,,,,,,,,,,,
j_nar_AhmedPDWEP11,Q24608576,,journals/nar/AhmedPDWEP11,journals/nar/AhmedPDWEP11,,,10.1093/NAR/GKQ917,,,,,,,,,,,,,
j_nar_AhmedMDMABEPP11,Q24608632,,journals/nar/AhmedMDMABEPP11,journals/nar/AhmedMDMABEPP11,,,10.1093/NAR/GKQ910,,,,,,,,,,,,,
j_nar_ShaoHBTHORD11,Q24608697,,journals/nar/ShaoHBTHORD11,journals/nar/ShaoHBTHORD11,,,10.1093/NAR/GKQ908,,,,,,,,,,,,,
j_nar_WinsorLFLWYHB11,Q24609340,,journals/nar/WinsorLFLWYHB11,journals/nar/WinsorLFLWYHB11,,,10.1093/NAR/GKQ869,,,,,,,,,,,,,
j_nar_ArveilerPMC88,Q24609441,,journals/nar/ArveilerPMC88,journals/nar/ArveilerPMC88,,,10.1093/NAR/16.13.6252,,,,,,,,,,,,,
j_bmcsb_PiruzianBIAMMNN10,Q24610642,,journals/bmcsb/PiruzianBIAMMNN10,journals/bmcsb/PiruzianBIAMMNN10,,,10.1186/1752-0509-4-41,,,,,,,,,,,,,
j_nar_JuritzAP11,Q24610833,,journals/nar/JuritzAP11,journals/nar/JuritzAP11,,,10.1093/NAR/GKQ1181,,,,,,,,,,,,,
j_jdi_BarboriakPYM05,Q24612732,,journals/jdi/BarboriakPYM05,journals/jdi/BarboriakPYM05,,,10.1007/S10278-004-1879-4,,,,,,,,,,,,,
j_nar_Huerta_CepasCPDKMG11,Q24612855,,journals/nar/Huerta-CepasCPDKMG11,journals/nar/Huerta-CepasCPDKMG11,,,10.1093/NAR/GKQ1109,,,,,,,,,,,,,
j_nar_HongPJKSKYLLPKS11,Q24613521,,journals/nar/HongPJKSKYLLPKS11,journals/nar/HongPJKSKYLLPKS11,,,10.1093/NAR/GKQ1101,,,,,,,,,,,,,
j_nar_PieperWBSSBYMPHDSMSFBS11,Q24613729,,journals/nar/PieperWBSSBYMPHDSMSFBS11,journals/nar/PieperWBSSBYMPHDSMSFBS11,,,10.1093/NAR/GKQ1091,,,,,,,,,,,,,
j_nar_FlicekAB11,Q24614810,,journals/nar/FlicekAB11,journals/nar/FlicekAB11,,,10.1093/NAR/GKQ1064,,,,,,,,,,,,,
j_nar_XuD11,Q24615332,,journals/nar/XuD11,journals/nar/XuD11,,,10.1093/NAR/GKQ1059,,,,,,,,,,,,,
j_jdi_NascimentoFG08,Q24616203,,journals/jdi/NascimentoFG08,journals/jdi/NascimentoFG08,,,10.1007/S10278-007-9072-1,,,,,,,,,,,,,
j_nar_LeinonenSS11,Q24616329,,journals/nar/LeinonenSS11,journals/nar/LeinonenSS11,,,10.1093/NAR/GKQ1019,,,,,,,,,,,,,
j_scientometrics_BartneckK11,Q24616845,,journals/scientometrics/BartneckK11,journals/scientometrics/BartneckK11,,,10.1007/S11192-010-0306-5,,,,,,,,,,,,,
j_nar_JankowskyGJ11,Q24616929,,journals/nar/JankowskyGJ11,journals/nar/JankowskyGJ11,,,10.1093/NAR/GKQ1002,,,,,,,,,,,,,
j_bioinformatics_XuM11,Q24618202,,journals/bioinformatics/XuM11,journals/bioinformatics/XuM11,,,10.1093/BIOINFORMATICS/BTQ726,,,,,,,,,,,,,
j_nar_MedvedevaDKI12,Q24619078,,journals/nar/MedvedevaDKI12,journals/nar/MedvedevaDKI12,,,10.1093/NAR/GKR1187,,,,,,,,,,,,,
j_corr_abs_1211_0518,Q24619263,,journals/corr/abs-1211-0518,,,,,1211.0518,,,,,,,,,,,,
j_nar_PowellSTRKMARLDJMB12,Q24619608,,journals/nar/PowellSTRKMARLDJMB12,journals/nar/PowellSTRKMARLDJMB12,,,10.1093/NAR/GKR1060,,,,,,,,,,,,,
j_nar_CandalesDHLNSMWJZ12,Q24619997,,journals/nar/CandalesDHLNSMWJZ12,journals/nar/CandalesDHLNSMWJZ12,,,10.1093/NAR/GKR1043,,,,,,,,,,,,,
j_jcamd_Warr12b,Q24621331,,journals/jcamd/Warr12b,journals/jcamd/Warr12b,,,10.1007/S10822-012-9577-7,,,,,,,,,,,,,
j_nar_PaganiLJCSNMK12,Q24621641,,journals/nar/PaganiLJCSNMK12,journals/nar/PaganiLJCSNMK12,,,10.1093/NAR/GKR1100,,,,,,,,,,,,,
j_bioinformatics_LevineDGWH13,Q24622048,,journals/bioinformatics/LevineDGWH13,journals/bioinformatics/LevineDGWH13,,,10.1093/BIOINFORMATICS/BTS725,,,,,,,,,,,,,
j_biodatamining_NelsonASMWG10,Q24624575,,journals/biodatamining/NelsonASMWG10,journals/biodatamining/NelsonASMWG10,,,10.1186/1756-0381-3-3,,,,,,,,,,,,,
j_nar_HallC85,Q24625628,,journals/nar/HallC85,journals/nar/HallC85,,,10.1093/NAR/13.1.207,,,,,,,,,,,,,
j_bioinformatics_XuD12,Q24627406,,journals/bioinformatics/XuD12,journals/bioinformatics/XuD12,,,10.1093/BIOINFORMATICS/BTS533,,,,,,,,,,,,,
j_neuroimage_ZhangL12,Q24629707,,journals/neuroimage/ZhangL12,journals/neuroimage/ZhangL12,,,10.1016/J.NEUROIMAGE.2011.11.023,,,,,,,,,,,,,
j_jamia_HerweheWABFKSXZM12,Q24630050,,journals/jamia/HerweheWABFKSXZM12,journals/jamia/HerweheWABFKSXZM12,,,10.1136/AMIAJNL-2011-000412,,,,,,,,,,,,,
j_mbec_BogertGESH13,Q24630249,,journals/mbec/BogertGESH13,journals/mbec/BogertGESH13,,,10.1007/S11517-013-1076-Z,,,,,,,,,,,,,
j_nar_Berkhout92,Q24630462,,journals/nar/Berkhout92,journals/nar/Berkhout92,,,10.1093/NAR/20.1.27,,,,,,,,,,,,,
j_neuroimage_HardwickRME13,Q24630536,,journals/neuroimage/HardwickRME13,journals/neuroimage/HardwickRME13,,,10.1016/J.NEUROIMAGE.2012.11.020,,,,,,,,,,,,,
j_jamia_LeithnerMGFLW10,Q24632232,,journals/jamia/LeithnerMGFLW10,journals/jamia/LeithnerMGFLW10,,,10.1136/JAMIA.2010.004507,,,,,,,,,,,,,
j_neuroimage_MumfordHOLGP10,Q24632511,,journals/neuroimage/MumfordHOLGP10,journals/neuroimage/MumfordHOLGP10,,,10.1016/J.NEUROIMAGE.2010.05.047,,,,,,,,,,,,,
j_jcisd_MutoKTNGK13,Q24632549,,journals/jcisd/MutoKTNGK13,journals/jcisd/MutoKTNGK13,,,10.1021/CI3005379,,,,,,,,,,,,,
j_bmcbi_ChangSHRNCBS11,Q24633181,,journals/bmcbi/ChangSHRNCBS11,journals/bmcbi/ChangSHRNCBS11,,,10.1186/1471-2105-12-109,,,,,,,,,,,,,
j_cogsci_AhnPF09,Q24633730,,journals/cogsci/AhnPF09,journals/cogsci/AhnPF09,,,10.1111/J.1551-6709.2009.01008.X,,,,,,,,,,,,,
j_nar_HamadaSA11,Q24633988,,journals/nar/HamadaSA11,journals/nar/HamadaSA11,,,10.1093/NAR/GKQ792,,,,,,,,,,,,,
j_bioinformatics_WangMHLMKOMS10,Q24634351,,journals/bioinformatics/WangMHLMKOMS10,journals/bioinformatics/WangMHLMKOMS10,,,10.1093/BIOINFORMATICS/BTQ491,,,,,,,,,,,,,
j_nar_DworniczakM87,Q24634383,,journals/nar/DworniczakM87,journals/nar/DworniczakM87,,,10.1093/NAR/15.13.5181,,,,,,,,,,,,,
j_corr_Mishra14k,Q24635914,,journals/corr/Mishra14k,,,,,1404.6765,,,,,,,,,,,,
j_nar_CochraneG10,Q24642881,,journals/nar/CochraneG10,journals/nar/CochraneG10,,,10.1093/NAR/GKP1077,,,,,,,,,,,,,
j_nar_ZhuHKLMWHGHZC10,Q24643206,,journals/nar/ZhuHKLMWHGHZC10,journals/nar/ZhuHKLMWHGHZC10,,,10.1093/NAR/GKP1014,,,,,,,,,,,,,
j_nar_LeinonenABBBCCDFGGHHJLLLMMPRSSHVVZZC10,Q24643553,,journals/nar/LeinonenABBBCCDFGGHHJLLLMMPRSSHVVZZC10,journals/nar/LeinonenABBBCCDFGGHHJLLLMMPRSSHVVZZC10,,,10.1093/NAR/GKP998,,,,,,,,,,,,,
j_nar_MorganBBGADLLMMMRWWWABHM10,Q24644131,,journals/nar/MorganBBGADLLMMMRWWWABHM10,journals/nar/MorganBBGADLLMMMRWWWABHM10,,,10.1093/NAR/GKP1007,,,,,,,,,,,,,
j_nar_ThomasKBJI10,Q24644249,,journals/nar/ThomasKBJI10,journals/nar/ThomasKBJI10,,,10.1093/NAR/GKP1021,,,,,,,,,,,,,
j_nar_BekaertFZGAB10,Q24644649,,journals/nar/BekaertFZGAB10,journals/nar/BekaertFZGAB10,,,10.1093/NAR/GKP788,,,,,,,,,,,,,
j_nar_SigristCCLBBH10,Q24644916,,journals/nar/SigristCCLBBH10,journals/nar/SigristCCLBBH10,,,10.1093/NAR/GKP885,,,,,,,,,,,,,
j_nar_ForbesTBBDCKJEMTSF10,Q24644945,,journals/nar/ForbesTBBDCKJEMTSF10,journals/nar/ForbesTBBDCKJEMTSF10,,,10.1093/NAR/GKP995,,,,,,,,,,,,,
j_jamia_SavelGPA07,Q24645053,,journals/jamia/SavelGPA07,journals/jamia/SavelGPA07,,,10.1197/JAMIA.M2205,,,,,,,,,,,,,
j_neuroimage_StephanPMODF10,Q24645074,,journals/neuroimage/StephanPMODF10,journals/neuroimage/StephanPMODF10,,,10.1016/J.NEUROIMAGE.2009.11.015,,,,,,,,,,,,,
j_jamia_WeinerKCF07,Q24646757,,journals/jamia/WeinerKCF07,journals/jamia/WeinerKCF07,,,10.1197/JAMIA.M2338,,,,,,,,,,,,,
j_jamia_GardnerOSMHWD09,Q24646929,,journals/jamia/GardnerOSMHWD09,journals/jamia/GardnerOSMHWD09,,,10.1197/JAMIA.M3045,,,,,,,,,,,,,
j_bioinformatics_KanoBMACHT09,Q24647723,,journals/bioinformatics/KanoBMACHT09,journals/bioinformatics/KanoBMACHT09,,,10.1093/BIOINFORMATICS/BTP289,,,,,,,,,,,,,
j_bioinformatics_LangilleB09,Q24648176,,journals/bioinformatics/LangilleB09,journals/bioinformatics/LangilleB09,,,10.1093/BIOINFORMATICS/BTP030,,,,,,,,,,,,,
j_neuroimage_EisenbergerTGHL07,Q24648409,,journals/neuroimage/EisenbergerTGHL07,journals/neuroimage/EisenbergerTGHL07,,,10.1016/J.NEUROIMAGE.2007.01.038,,,,,,,,,,,,,
j_bmcbi_ChauhanMR09,Q24649016,,journals/bmcbi/ChauhanMR09,journals/bmcbi/ChauhanMR09,,,10.1186/1471-2105-10-434,,,,,,,,,,,,,
j_nar_CabochePLFJK08,Q24649748,,journals/nar/CabochePLFJK08,journals/nar/CabochePLFJK08,,,10.1093/NAR/GKM792,,,,,,,,,,,,,
j_ni_GardnerGGRG08,Q24649903,,journals/ni/GardnerGGRG08,journals/ni/GardnerGGRG08,,,10.1007/S12021-008-9029-7,,,,,,,,,,,,,
j_nar_BetelWGMS08,Q24650094,,journals/nar/BetelWGMS08,journals/nar/BetelWGMS08,,,10.1093/NAR/GKM995,,,,,,,,,,,,,
j_nar_KanehisaAGHHIKKOTY08,Q24650347,,journals/nar/KanehisaAGHHIKKOTY08,journals/nar/KanehisaAGHHIKKOTY08,,,10.1093/NAR/GKM882,,,,,,,,,,,,,
j_nar_HenrickFBDDDFIKKLMNNSSVOUVWYYYYB08,Q24650571,,journals/nar/HenrickFBDDDFIKKLMNNSSVOUVWYYYYB08,journals/nar/HenrickFBDDDFIKKLMNNSSVOUVWYYYYB08,,,10.1093/NAR/GKM937,,,,,,,,,,,,,
j_nar_WilsonCKT08,Q24650744,,journals/nar/WilsonCKT08,journals/nar/WilsonCKT08,,,10.1093/NAR/GKM964,,,,,,,,,,,,,
j_nar_BryneVTMWPKLS08,Q24650787,,journals/nar/BryneVTMWPKLS08,journals/nar/BryneVTMWPKLS08,,,10.1093/NAR/GKM955,,,,,,,,,,,,,
j_bioinformatics_KandasamyKRPRMP09,Q24651917,,journals/bioinformatics/KandasamyKRPRMP09,journals/bioinformatics/KandasamyKRPRMP09,,,10.1093/BIOINFORMATICS/BTP453,,,,,,,,,,,,,
j_bmcbi_CarvalhoFCYB08,Q24653597,,journals/bmcbi/CarvalhoFCYB08,journals/bmcbi/CarvalhoFCYB08,,,10.1186/1471-2105-9-316,,,,,,,,,,,,,
j_pnas_SinitsynHN09,Q24653630,,journals/pnas/SinitsynHN09,journals/pnas/SinitsynHN09,,,10.1073/PNAS.0809340106,,,,,,,,,,,,,
j_jcc_FriedrichsEVHLBEBP09,Q24654186,,journals/jcc/FriedrichsEVHLBEBP09,journals/jcc/FriedrichsEVHLBEBP09,,,10.1002/JCC.21209,,,,,,,,,,,,,
j_bioinformatics_GaoATWMJS09,Q24655412,,journals/bioinformatics/GaoATWMJS09,journals/bioinformatics/GaoATWMJS09,,,10.1093/BIOINFORMATICS/BTN501,,,,,,,,,,,,,
j_nar_Marchler_BauerACDDFGGGGHHJKLLLLLMMSTTYZZB09,Q24655481,,journals/nar/Marchler-BauerACDDFGGGGHHJKLLLLLMMSTTYZZB09,journals/nar/Marchler-BauerACDDFGGGGHHJKLLLLLMMSTTYZZB09,,,10.1093/NAR/GKN845,,,,,,,,,,,,,
j_bioinformatics_KuznetsovMM09,Q24655489,,journals/bioinformatics/KuznetsovMM09,journals/bioinformatics/KuznetsovMM09,,,10.1093/BIOINFORMATICS/BTP121,,,,,,,,,,,,,
j_nar_ThorissonLFHSDBB09,Q24655660,,journals/nar/ThorissonLFHSDBB09,journals/nar/ThorissonLFHSDBB09,,,10.1093/NAR/GKN748,,,,,,,,,,,,,
j_jamia_KaelberJJMB08,Q24655766,,journals/jamia/KaelberJJMB08,journals/jamia/KaelberJJMB08,,,10.1197/JAMIA.M2547,,,,,,,,,,,,,
j_nar_ZhangL09,Q24655902,,journals/nar/ZhangL09,journals/nar/ZhangL09,,,10.1093/NAR/GKN858,,,,,,,,,,,,,
j_nar_MartinAWYWM09,Q24656022,,journals/nar/MartinAWYWM09,journals/nar/MartinAWYWM09,,,10.1093/NAR/GKN744,,,,,,,,,,,,,
j_bmcsb_Schmidt_GlenewinkelVHDE08,Q24656546,,journals/bmcsb/Schmidt-GlenewinkelVHDE08,journals/bmcsb/Schmidt-GlenewinkelVHDE08,,,10.1186/1752-0509-2-32,,,,,,,,,,,,,
j_tbe_KaczmarekNATHB06,Q24657917,,journals/tbe/KaczmarekNATHB06,journals/tbe/KaczmarekNATHB06,,,10.1109/TBME.2006.881804,,,,,,,,,,,,,
j_jcc_BrooksBMNPRWABBCCCDFFGHIKLMOPPPPSTVWWYYK09,Q24658108,,journals/jcc/BrooksBMNPRWABBCCCDFFGHIKLMOPPPPSTVWWYYK09,journals/jcc/BrooksBMNPRWABBCCCDFFGHIKLMOPPPPSTVWWYYK09,,,10.1002/JCC.21287,,,,,,,,,,,,,
j_bioinformatics_SharmaDD08,Q24658133,,journals/bioinformatics/SharmaDD08,journals/bioinformatics/SharmaDD08,,,10.1093/BIOINFORMATICS/BTN328,,,,,,,,,,,,,
j_corr_Vale15,Q24669514,,journals/corr/Vale15,,,,,1509.03775,,,,,,,,,,,,
j_nar_HubbardAB07,Q24669862,,journals/nar/HubbardAB07,journals/nar/HubbardAB07,,,10.1093/NAR/GKL996,,,,,,,,,,,,,
j_nar_Zemla03,Q24672185,,journals/nar/Zemla03,journals/nar/Zemla03,,,10.1093/NAR/GKG571,,,,,,,,,,,,,
j_jbi_MerrillBRGC07,Q24672223,,journals/jbi/MerrillBRGC07,journals/jbi/MerrillBRGC07,,,10.1016/J.JBI.2006.09.004,,,,,,,,,,,,,
j_bmcsb_TangLH07,Q24672771,,journals/bmcsb/TangLH07,journals/bmcsb/TangLH07,,,10.1186/1752-0509-1-14,,,,,,,,,,,,,
j_neuroimage_MikulaTSJ07,Q24675436,,journals/neuroimage/MikulaTSJ07,journals/neuroimage/MikulaTSJ07,,,10.1016/J.NEUROIMAGE.2006.11.053,,,,,,,,,,,,,
j_nar_ArnaizCCS07,Q24675479,,journals/nar/ArnaizCCS07,journals/nar/ArnaizCCS07,,,10.1093/NAR/GKL777,,,,,,,,,,,,,
j_nar_ChildsHZLCWRTBC07,Q24675530,,journals/nar/ChildsHZLCWRTBC07,journals/nar/ChildsHZLCWRTBC07,,,10.1093/NAR/GKL785,,,,,,,,,,,,,
j_nar_SinhaLS06,Q24680338,,journals/nar/SinhaLS06,journals/nar/SinhaLS06,,,10.1093/NAR/GKL224,,,,,,,,,,,,,
j_neuroimage_BadeaNJW07,Q24680547,,journals/neuroimage/BadeaNJW07,journals/neuroimage/BadeaNJW07,,,10.1016/J.NEUROIMAGE.2006.09.053,,,,,,,,,,,,,
j_nar_ColeCMFWKCMSGT03,Q24681903,,journals/nar/ColeCMFWKCMSGT03,journals/nar/ColeCMFWKCMSGT03,,,10.1093/NAR/GKG039,,,,,,,,,,,,,
j_nar_LeeKKLL07,Q24683325,,journals/nar/LeeKKLL07,journals/nar/LeeKKLL07,,,10.1093/NAR/GKL807,,,,,,,,,,,,,
j_nar_NieduszynskiHABD07,Q24683354,,journals/nar/NieduszynskiHABD07,journals/nar/NieduszynskiHABD07,,,10.1093/NAR/GKL758,,,,,,,,,,,,,
j_nar_WuZQZBBF07,Q24683476,,journals/nar/WuZQZBBF07,journals/nar/WuZQZBBF07,,,10.1093/NAR/GKL648,,,,,,,,,,,,,
j_nar_SelengutHDGGNRW07,Q24683561,,journals/nar/SelengutHDGGNRW07,journals/nar/SelengutHDGGNRW07,,,10.1093/NAR/GKL1043,,,,,,,,,,,,,
j_nar_KallKS07,Q24684376,,journals/nar/KallKS07,journals/nar/KallKS07,,,10.1093/NAR/GKM256,,,,,,,,,,,,,
j_nar_ReederSG07,Q24684593,,journals/nar/ReederSG07,journals/nar/ReederSG07,,,10.1093/NAR/GKM258,,,,,,,,,,,,,
j_jamia_MarencoTCSMN03,Q24685415,,journals/jamia/MarencoTCSMN03,journals/jamia/MarencoTCSMN03,,,10.1197/JAMIA.M1303,,,,,,,,,,,,,
j_bmcbi_FultonLLHRB06,Q24685511,,journals/bmcbi/FultonLLHRB06,journals/bmcbi/FultonLLHRB06,,,10.1186/1471-2105-7-270,,,,,,,,,,,,,
j_tbe_QiuCLPHLHWC06,Q24719107,,journals/tbe/QiuCLPHLHWC06,journals/tbe/QiuCLPHLHWC06,,,10.1109/TBME.2005.862540,,,,,,,,,,,,,
j_bmcbi_Strimmer03,Q24792117,,journals/bmcbi/Strimmer03,journals/bmcbi/Strimmer03,,,10.1186/1471-2105-4-10,,,,,,,,,,,,,
j_midm_BacklundSMBS04,Q24792131,,journals/midm/BacklundSMBS04,journals/midm/BacklundSMBS04,,,10.1186/1472-6947-4-23,,,,,,,,,,,,,
j_midm_Sittig03,Q24792302,,journals/midm/Sittig03,journals/midm/Sittig03,,,10.1186/1472-6947-3-11,,,,,,,,,,,,,
j_bmcbi_TheilhaberUMCXNHBB04,Q24792464,,journals/bmcbi/TheilhaberUMCXNHBB04,journals/bmcbi/TheilhaberUMCXNHBB04,,,10.1186/1471-2105-5-195,,,,,,,,,,,,,
j_bmcbi_JiangDCTSCTZ04,Q24792469,,journals/bmcbi/JiangDCTSCTZ04,journals/bmcbi/JiangDCTSCTZ04,,,10.1186/1471-2105-5-81,,,,,,,,,,,,,
j_bmcbi_ZhangSU04,Q24792510,,journals/bmcbi/ZhangSU04,journals/bmcbi/ZhangSU04,,,10.1186/1471-2105-5-89,,,,,,,,,,,,,
j_bmcbi_LiuZ04,Q24792601,,journals/bmcbi/LiuZ04,journals/bmcbi/LiuZ04,,,10.1186/1471-2105-5-158,,,,,,,,,,,,,
j_bmcbi_TrisslRMSKPFL05,Q24792652,,journals/bmcbi/TrisslRMSKPFL05,journals/bmcbi/TrisslRMSKPFL05,,,10.1186/1471-2105-6-81,,,,,,,,,,,,,
j_bmcbi_Wren04,Q24792665,,journals/bmcbi/Wren04,journals/bmcbi/Wren04,,,10.1186/1471-2105-5-145,,,,,,,,,,,,,
j_bmcbi_Mower05,Q24792689,,journals/bmcbi/Mower05,journals/bmcbi/Mower05,,,10.1186/1471-2105-6-96,,,,,,,,,,,,,
j_nar_BalakrishnanCCDDEFHHNOSTBDLSWBC05,Q24793481,,journals/nar/BalakrishnanCCDDEFHHNOSTBDLSWBC05,journals/nar/BalakrishnanCCDDEFHHNOSTBDLSWBC05,,,10.1093/NAR/GKI023,,,,,,,,,,,,,
j_nar_RobertsVPM05,Q24793693,,journals/nar/RobertsVPM05,journals/nar/RobertsVPM05,,,10.1093/NAR/GKI029,,,,,,,,,,,,,
j_nar_BruCCBDK05,Q24793811,,journals/nar/BruCCBDK05,journals/nar/BruCCBDK05,,,10.1093/NAR/GKI034,,,,,,,,,,,,,
j_nar_LiuBSCDZBZC05,Q24794086,,journals/nar/LiuBSCDZBZC05,journals/nar/LiuBSCDZBZC05,,,10.1093/NAR/GKI041,,,,,,,,,,,,,
j_bmcbi_AwadRHBS04,Q24794098,,journals/bmcbi/AwadRHBS04,journals/bmcbi/AwadRHBS04,,,10.1186/1471-2105-5-151,,,,,,,,,,,,,
j_bmcbi_RajewskyVGS02,Q24794169,,journals/bmcbi/RajewskyVGS02,journals/bmcbi/RajewskyVGS02,,,10.1186/1471-2105-3-30,,,,,,,,,,,,,
j_nar_DrysdaleC05,Q24794226,,journals/nar/DrysdaleC05,journals/nar/DrysdaleC05,,,10.1093/NAR/GKI046,,,,,,,,,,,,,
j_bmcbi_KimKY04,Q24794335,,journals/bmcbi/KimKY04,journals/bmcbi/KimKY04,,,10.1186/1471-2105-5-160,,,,,,,,,,,,,
j_nar_GuldenerMKSHLRWGPMKTDASMBGM05,Q24794671,,journals/nar/GuldenerMKSHLRWGPMKTDASMBGM05,journals/nar/GuldenerMKSHLRWGPMKTDASMBGM05,,,10.1093/NAR/GKI053,,,,,,,,,,,,,
j_bmcbi_DethlefsenS05,Q24794895,,journals/bmcbi/DethlefsenS05,journals/bmcbi/DethlefsenS05,,,10.1186/1471-2105-6-3,,,,,,,,,,,,,
j_nar_ShinC05,Q24794920,,journals/nar/ShinC05,journals/nar/ShinC05,,,10.1093/NAR/GKI059,,,,,,,,,,,,,
j_nar_SuLSB05,Q24794945,,journals/nar/SuLSB05,journals/nar/SuLSB05,,,10.1093/NAR/GKI060,,,,,,,,,,,,,
j_nar_BensonKLOW05,Q24795080,,journals/nar/BensonKLOW05,journals/nar/BensonKLOW05,,,10.1093/NAR/GKI063,,,,,,,,,,,,,
j_nar_Joshi_TopeGVDSBJGWMLBS05,Q24795413,,journals/nar/Joshi-TopeGVDSBJGWMLBS05,journals/nar/Joshi-TopeGVDSBJGWMLBS05,,,10.1093/NAR/GKI072,,,,,,,,,,,,,
j_bmcbi_Pavlovic_LazeticMB04,Q24795459,,journals/bmcbi/Pavlovic-LazeticMB04,journals/bmcbi/Pavlovic-LazeticMB04,,,10.1186/1471-2105-5-65,,,,,,,,,,,,,
j_bmcbi_LiuR04,Q24795508,,journals/bmcbi/LiuR04,journals/bmcbi/LiuR04,,,10.1186/1471-2105-5-70,,,,,,,,,,,,,
j_bmcbi_HuFNW03,Q24795565,,journals/bmcbi/HuFNW03,journals/bmcbi/HuFNW03,,,10.1186/1471-2105-4-1,,,,,,,,,,,,,
j_nar_Nagano05,Q24795691,,journals/nar/Nagano05,journals/nar/Nagano05,,,10.1093/NAR/GKI080,,,,,,,,,,,,,
j_midm_HershHWKPSG01,Q24796299,,journals/midm/HershHWKPSG01,journals/midm/HershHWKPSG01,,,10.1186/1472-6947-1-5,,,,,,,,,,,,,
j_bmcbi_ZuyderduynJ03,Q24796302,,journals/bmcbi/ZuyderduynJ03,journals/bmcbi/ZuyderduynJ03,,,10.1186/1471-2105-4-51,,,,,,,,,,,,,
j_bmcbi_StanislausJSAA04,Q24796533,,journals/bmcbi/StanislausJSAA04,journals/bmcbi/StanislausJSAA04,,,10.1186/1471-2105-5-9,,,,,,,,,,,,,
j_bmcbi_RaghavaSABB03,Q24796738,,journals/bmcbi/RaghavaSABB03,journals/bmcbi/RaghavaSABB03,,,10.1186/1471-2105-4-47,,,,,,,,,,,,,
j_midm_McKibbonG04,Q24796751,,journals/midm/McKibbonG04,journals/midm/McKibbonG04,,,10.1186/1472-6947-4-11,,,,,,,,,,,,,
j_bmcbi_ConantW04,Q24796799,,journals/bmcbi/ConantW04,journals/bmcbi/ConantW04,,,10.1186/1471-2105-5-62,,,,,,,,,,,,,
j_bmcbi_MutchBMRR02,Q24797318,,journals/bmcbi/MutchBMRR02,journals/bmcbi/MutchBMRR02,,,10.1186/1471-2105-3-17,,,,,,,,,,,,,
j_nar_KatoYMMNTN05,Q24797391,,journals/nar/KatoYMMNTN05,journals/nar/KatoYMMNTN05,,,10.1093/NAR/GKI117,,,,,,,,,,,,,
j_nar_ShenGCNCWD05,Q24797563,,journals/nar/ShenGCNCWD05,journals/nar/ShenGCNCWD05,,,10.1093/NAR/GKI123,,,,,,,,,,,,,
j_bmcbi_HuangSYHSKVAGPB04,Q24797582,,journals/bmcbi/HuangSYHSKVAGPB04,journals/bmcbi/HuangSYHSKVAGPB04,,,10.1186/1471-2105-5-36,,,,,,,,,,,,,
j_nar_Fernandez_RicaudWEPKNB05,Q24797734,,journals/nar/Fernandez-RicaudWEPKNB05,journals/nar/Fernandez-RicaudWEPKNB05,,,10.1093/NAR/GKI126,,,,,,,,,,,,,
j_bmcbi_ZhaoLS05,Q24797914,,journals/bmcbi/ZhaoLS05,journals/bmcbi/ZhaoLS05,,,10.1186/1471-2105-6-28,,,,,,,,,,,,,
j_nar_ChalkWGS05,Q24797923,,journals/nar/ChalkWGS05,journals/nar/ChalkWGS05,,,10.1093/NAR/GKI136,,,,,,,,,,,,,
j_bmcbi_Toronen04,Q24798399,,journals/bmcbi/Toronen04,journals/bmcbi/Toronen04,,,10.1186/1471-2105-5-32,,,,,,,,,,,,,
j_midm_DarmoniDR04,Q24798476,,journals/midm/DarmoniDR04,journals/midm/DarmoniDR04,,,10.1186/1472-6947-4-15,,,,,,,,,,,,,
j_bmcbi_MaurerMSHHSPST05,Q24798512,,journals/bmcbi/MaurerMSHHSPST05,journals/bmcbi/MaurerMSHHSPST05,,,10.1186/1471-2105-6-101,,,,,,,,,,,,,
j_bmcbi_DonofrioRBDWNFMGTOPFPSLD05,Q24798677,,journals/bmcbi/DonofrioRBDWNFMGTOPFPSLD05,journals/bmcbi/DonofrioRBDWNFMGTOPFPSLD05,,,10.1186/1471-2105-6-94,,,,,,,,,,,,,
j_bmcbi_PetriFM04,Q24798891,,journals/bmcbi/PetriFM04,journals/bmcbi/PetriFM04,,,10.1186/1471-2105-5-12,,,,,,,,,,,,,
j_bmcbi_LuLFDB04,Q24799053,,journals/bmcbi/LuLFDB04,journals/bmcbi/LuLFDB04,,,10.1186/1471-2105-5-172,,,,,,,,,,,,,
j_bmcbi_SinhaBT04,Q24799381,,journals/bmcbi/SinhaBT04,journals/bmcbi/SinhaBT04,,,10.1186/1471-2105-5-170,,,,,,,,,,,,,
j_bmcbi_ZhouA02,Q24800705,,journals/bmcbi/ZhouA02,journals/bmcbi/ZhouA02,,,10.1186/1471-2105-3-3,,,,,,,,,,,,,
j_bmcbi_ParkYKLLS03,Q24801087,,journals/bmcbi/ParkYKLLS03,journals/bmcbi/ParkYKLLS03,,,10.1186/1471-2105-4-33,,,,,,,,,,,,,
j_midm_WensingEEVG02,Q24801151,,journals/midm/WensingEEVG02,journals/midm/WensingEEVG02,,,10.1186/1472-6947-2-2,,,,,,,,,,,,,
j_bmcbi_CannonY03,Q24801185,,journals/bmcbi/CannonY03,journals/bmcbi/CannonY03,,,10.1186/1471-2105-4-35,,,,,,,,,,,,,
j_bmcbi_BujnickiFRR01,Q24801263,,journals/bmcbi/BujnickiFRR01,journals/bmcbi/BujnickiFRR01,,,10.1186/1471-2105-2-2,,,,,,,,,,,,,
j_midm_BuckeridgeG02,Q24802358,,journals/midm/BuckeridgeG02,journals/midm/BuckeridgeG02,,,10.1186/1472-6947-2-6,,,,,,,,,,,,,
j_bmcbi_KadotaFRAA05,Q24802971,,journals/bmcbi/KadotaFRAA05,journals/bmcbi/KadotaFRAA05,,,10.1186/1471-2105-6-43,,,,,,,,,,,,,
j_bmcbi_WelleBT02,Q24803084,,journals/bmcbi/WelleBT02,journals/bmcbi/WelleBT02,,,10.1186/1471-2105-3-23,,,,,,,,,,,,,
j_bmcbi_KeimeDMDG04,Q24803514,,journals/bmcbi/KeimeDMDG04,journals/bmcbi/KeimeDMDG04,,,10.1186/1471-2105-5-143,,,,,,,,,,,,,
j_bmcbi_LiWGGS04,Q24803967,,journals/bmcbi/LiWGGS04,journals/bmcbi/LiWGGS04,,,10.1186/1471-2105-5-209,,,,,,,,,,,,,
j_midm_GisslerKSH04,Q24804007,,journals/midm/GisslerKSH04,journals/midm/GisslerKSH04,,,10.1186/1472-6947-4-3,,,,,,,,,,,,,
j_bmcbi_MartinBB04,Q24804042,,journals/bmcbi/MartinBB04,journals/bmcbi/MartinBB04,,,10.1186/1471-2105-5-178,,,,,,,,,,,,,
j_midm_FortinHBOC01,Q24804138,,journals/midm/FortinHBOC01,journals/midm/FortinHBOC01,,,10.1186/1472-6947-1-2,,,,,,,,,,,,,
j_bmcbi_MunagalaTB04,Q24804416,,journals/bmcbi/MunagalaTB04,journals/bmcbi/MunagalaTB04,,,10.1186/1471-2105-5-21,,,,,,,,,,,,,
j_bmcbi_ArisCCDSRT04,Q24804521,,journals/bmcbi/ArisCCDSRT04,journals/bmcbi/ArisCCDSRT04,,,10.1186/1471-2105-5-185,,,,,,,,,,,,,
j_bmcbi_MooneyK02,Q24804607,,journals/bmcbi/MooneyK02,journals/bmcbi/MooneyK02,,,10.1186/1471-2105-3-24,,,,,,,,,,,,,
j_bmcbi_PoschelFG03,Q24804615,,journals/bmcbi/PoschelFG03,journals/bmcbi/PoschelFG03,,,10.1186/1471-2105-4-58,,,,,,,,,,,,,
j_bmcbi_BeckerHDLBCE03,Q24804657,,journals/bmcbi/BeckerHDLBCE03,journals/bmcbi/BeckerHDLBCE03,,,10.1186/1471-2105-4-61,,,,,,,,,,,,,
j_bmcbi_Mangalam02,Q24804678,,journals/bmcbi/Mangalam02,journals/bmcbi/Mangalam02,,,10.1186/1471-2105-3-8,,,,,,,,,,,,,
j_bmcbi_GuptaTVVR05,Q24804727,,journals/bmcbi/GuptaTVVR05,journals/bmcbi/GuptaTVVR05,,,10.1186/1471-2105-6-105,,,,,,,,,,,,,
j_bmcbi_BuersteddeP01,Q24805310,,journals/bmcbi/BuersteddeP01,journals/bmcbi/BuersteddeP01,,,10.1186/1471-2105-2-6,,,,,,,,,,,,,
j_bmcbi_FengBHDKSLB05,Q24805402,,journals/bmcbi/FengBHDKSLB05,journals/bmcbi/FengBHDKSLB05,,,10.1186/1471-2105-6-47,,,,,,,,,,,,,
j_bmcbi_BizzaroM03,Q24805812,,journals/bmcbi/BizzaroM03,journals/bmcbi/BizzaroM03,,,10.1186/1471-2105-4-22,,,,,,,,,,,,,
j_bmcbi_BujnickiR02,Q24806285,,journals/bmcbi/BujnickiR02,journals/bmcbi/BujnickiR02,,,10.1186/1471-2105-3-10,,,,,,,,,,,,,
j_bmcbi_NimgaonkarSBHKBK03,Q24806390,,journals/bmcbi/NimgaonkarSBHKBK03,journals/bmcbi/NimgaonkarSBHKBK03,,,10.1186/1471-2105-4-27,,,,,,,,,,,,,
j_bmcbi_ButterfieldVLLWIH04,Q24806470,,journals/bmcbi/ButterfieldVLLWIH04,journals/bmcbi/ButterfieldVLLWIH04,,,10.1186/1471-2105-5-1,,,,,,,,,,,,,
j_bmcbi_SoraceZ03,Q24806513,,journals/bmcbi/SoraceZ03,journals/bmcbi/SoraceZ03,,,10.1186/1471-2105-4-24,,,,,,,,,,,,,
j_bmcbi_DonnesE02,Q24806545,,journals/bmcbi/DonnesE02,journals/bmcbi/DonnesE02,,,10.1186/1471-2105-3-25,,,,,,,,,,,,,
j_bmcbi_AgostonCKP05,Q24806986,,journals/bmcbi/AgostonCKP05,journals/bmcbi/AgostonCKP05,,,10.1186/1471-2105-6-19,,,,,,,,,,,,,
j_midm_DongWNLM04,Q24809768,,journals/midm/DongWNLM04,journals/midm/DongWNLM04,,,10.1186/1472-6947-4-21,,,,,,,,,,,,,
j_corr_abs_1107_5728,Q24810352,,journals/corr/abs-1107-5728,,,,,1107.5728,,,,,,,,,,,,
j_bmcbi_QiuBKY05,Q24810682,,journals/bmcbi/QiuBKY05,journals/bmcbi/QiuBKY05,,,10.1186/1471-2105-6-120,,,,,,,,,,,,,
j_bmcbi_HamahashiOK05,Q24811232,,journals/bmcbi/HamahashiOK05,journals/bmcbi/HamahashiOK05,,,10.1186/1471-2105-6-125,,,,,,,,,,,,,
j_bmcbi_SchwarzMKESSD05,Q24811241,,journals/bmcbi/SchwarzMKESSD05,journals/bmcbi/SchwarzMKESSD05,,,10.1186/1471-2105-6-135,,,,,,,,,,,,,
j_bmcbi_DepledgeD05,Q24811290,,journals/bmcbi/DepledgeD05,journals/bmcbi/DepledgeD05,,,10.1186/1471-2105-6-196,,,,,,,,,,,,,
j_bmcbi_WolskiLJR05,Q24811314,,journals/bmcbi/WolskiLJR05,journals/bmcbi/WolskiLJR05,,,10.1186/1471-2105-6-203,,,,,,,,,,,,,
j_bmcbi_StevensD05,Q24811466,,journals/bmcbi/StevensD05,journals/bmcbi/StevensD05,,,10.1186/1471-2105-6-57,,,,,,,,,,,,,
j_bmcbi_CaiSXY05,Q24811533,,journals/bmcbi/CaiSXY05,journals/bmcbi/CaiSXY05,,,10.1186/1471-2105-6-64,,,,,,,,,,,,,
j_ploscb_KaufmanKMKR05,Q24811559,,journals/ploscb/KaufmanKMKR05,journals/ploscb/KaufmanKMKR05,,,10.1371/JOURNAL.PCBI.0010064,,,,,,,,,,,,,
j_bmcbi_Levner05,Q24811562,,journals/bmcbi/Levner05,journals/bmcbi/Levner05,,,10.1186/1471-2105-6-68,,,,,,,,,,,,,
j_bmcbi_ChenERLU05,Q24811619,,journals/bmcbi/ChenERLU05,journals/bmcbi/ChenERLU05,,,10.1186/1471-2105-6-85,,,,,,,,,,,,,
j_ploscb_ZhangWYWSRLGB05,Q24811811,,journals/ploscb/ZhangWYWSRLGB05,journals/ploscb/ZhangWYWSRLGB05,,,10.1371/JOURNAL.PCBI.0010053,,,,,,,,,,,,,
j_ploscb_LegewieBSH05,Q24811827,,journals/ploscb/LegewieBSH05,journals/ploscb/LegewieBSH05,,,10.1371/JOURNAL.PCBI.0010054,,,,,,,,,,,,,
j_nar_BaoZC05,Q24812204,,journals/nar/BaoZC05,journals/nar/BaoZC05,,,10.1093/NAR/GKI372,,,,,,,,,,,,,
j_nar_SimossisH05,Q24812359,,journals/nar/SimossisH05,journals/nar/SimossisH05,,,10.1093/NAR/GKI390,,,,,,,,,,,,,
j_nar_NeshichBHKYFKFRBVJFTKBSTM05,Q24812433,,journals/nar/NeshichBHKYFKFRBVJFTKBSTM05,journals/nar/NeshichBHKYFKFRBVJFTKBSTM05,,,10.1093/NAR/GKI397,,,,,,,,,,,,,
j_nar_GoesmannLBDKNOPWM05,Q24812485,,journals/nar/GoesmannLBDKNOPWM05,journals/nar/GoesmannLBDKNOPWM05,,,10.1093/NAR/GKI400,,,,,,,,,,,,,
j_nar_CaraSHO05,Q24812622,,journals/nar/CaraSHO05,journals/nar/CaraSHO05,,,10.1093/NAR/GKI413,,,,,,,,,,,,,
j_nar_LaskowskiWT05,Q24812633,,journals/nar/LaskowskiWT05,journals/nar/LaskowskiWT05,,,10.1093/NAR/GKI414,,,,,,,,,,,,,
j_nar_IvanisenkoEK05,Q24812695,,journals/nar/IvanisenkoEK05,journals/nar/IvanisenkoEK05,,,10.1093/NAR/GKI421,,,,,,,,,,,,,
j_nar_HekkelmanV05,Q24812706,,journals/nar/HekkelmanV05,journals/nar/HekkelmanV05,,,10.1093/NAR/GKI422,,,,,,,,,,,,,
j_nar_KlaftenA05,Q24812780,,journals/nar/KlaftenA05,journals/nar/KlaftenA05,,,10.1093/NAR/GKI430,,,,,,,,,,,,,
j_nar_FariselliFRAZMC05,Q24812897,,journals/nar/FariselliFRAZMC05,journals/nar/FariselliFRAZMC05,,,10.1093/NAR/GKI440,,,,,,,,,,,,,
j_nar_AburataniGSTH05,Q24812966,,journals/nar/AburataniGSTH05,journals/nar/AburataniGSTH05,,,10.1093/NAR/GKI446,,,,,,,,,,,,,
j_bmcbi_WangL05,Q24813002,,journals/bmcbi/WangL05,journals/bmcbi/WangL05,,,10.1186/1471-2105-6-200,,,,,,,,,,,,,
j_nar_ZhangKSAB05,Q24813031,,journals/nar/ZhangKSAB05,journals/nar/ZhangKSAB05,,,10.1093/NAR/GKI452,,,,,,,,,,,,,
j_nar_MasseroliGP05,Q24813055,,journals/nar/MasseroliGP05,journals/nar/MasseroliGP05,,,10.1093/NAR/GKI454,,,,,,,,,,,,,
j_nar_Olason05,Q24813159,,journals/nar/Olason05,journals/nar/Olason05,,,10.1093/NAR/GKI463,,,,,,,,,,,,,
j_nar_KrishnadevRPAMSGS05,Q24813267,,journals/nar/KrishnadevRPAMSGS05,journals/nar/KrishnadevRPAMSGS05,,,10.1093/NAR/GKI474,,,,,,,,,,,,,
j_nar_ZhangSVAB05,Q24813312,,journals/nar/ZhangSVAB05,journals/nar/ZhangSVAB05,,,10.1093/NAR/GKI479,,,,,,,,,,,,,
j_nar_RingquistPGSRBT05,Q24813360,,journals/nar/RingquistPGSRBT05,journals/nar/RingquistPGSRBT05,,,10.1093/NAR/GKI483,,,,,,,,,,,,,
j_midm_AzizPNPSD05,Q24813406,,journals/midm/AzizPNPSD05,journals/midm/AzizPNPSD05,,,10.1186/1472-6947-5-28,,,,,,,,,,,,,
j_nar_WangYZ05,Q24813461,,journals/nar/WangYZ05,journals/nar/WangYZ05,,,10.1093/NAR/GKI492,,,,,,,,,,,,,
j_bmcbi_NeverovANFGM05,Q24813898,,journals/bmcbi/NeverovANFGM05,journals/bmcbi/NeverovANFGM05,,,10.1186/1471-2105-6-266,,,,,,,,,,,,,
j_bmcbi_JonesBB05,Q24813914,,journals/bmcbi/JonesBB05,journals/bmcbi/JonesBB05,,,10.1186/1471-2105-6-272,,,,,,,,,,,,,
j_bmcbi_ShamirMTLSSSE05,Q24814200,,journals/bmcbi/ShamirMTLSSSE05,journals/bmcbi/ShamirMTLSSSE05,,,10.1186/1471-2105-6-232,,,,,,,,,,,,,
j_bmcbi_BatyBPCB05,Q24814253,,journals/bmcbi/BatyBPCB05,journals/bmcbi/BatyBPCB05,,,10.1186/1471-2105-6-239,,,,,,,,,,,,,
j_bmcbi_HauboldPMW05,Q24814530,,journals/bmcbi/HauboldPMW05,journals/bmcbi/HauboldPMW05,,,10.1186/1471-2105-6-123,,,,,,,,,,,,,
j_bmcbi_RossnesEL05,Q24814539,,journals/bmcbi/RossnesEL05,journals/bmcbi/RossnesEL05,,,10.1186/1471-2105-6-127,,,,,,,,,,,,,
j_bmcbi_PilsCS05,Q24814545,,journals/bmcbi/PilsCS05,journals/bmcbi/PilsCS05,,,10.1186/1471-2105-6-210,,,,,,,,,,,,,
j_bmcbi_LarsabalD05,Q24814573,,journals/bmcbi/LarsabalD05,journals/bmcbi/LarsabalD05,,,10.1186/1471-2105-6-206,,,,,,,,,,,,,
j_bmcbi_NavarangeGFWBCRHBC05,Q24814792,,journals/bmcbi/NavarangeGFWBCRHBC05,journals/bmcbi/NavarangeGFWBCRHBC05,,,10.1186/1471-2105-6-268,,,,,,,,,,,,,
j_ploscb_EngelhardtJMB05,Q24814913,,journals/ploscb/EngelhardtJMB05,journals/ploscb/EngelhardtJMB05,,,10.1371/JOURNAL.PCBI.0010045,,,,,,,,,,,,,
j_midm_PietrobonNSMMJ05,Q24814962,,journals/midm/PietrobonNSMMJ05,journals/midm/PietrobonNSMMJ05,,,10.1186/1472-6947-5-15,,,,,,,,,,,,,
j_bmcbi_AhdesmakiLPHY05,Q24815042,,journals/bmcbi/AhdesmakiLPHY05,journals/bmcbi/AhdesmakiLPHY05,,,10.1186/1471-2105-6-117,,,,,,,,,,,,,
j_bmcbi_DawsonRM05,Q24815085,,journals/bmcbi/DawsonRM05,journals/bmcbi/DawsonRM05,,,10.1186/1471-2105-6-195,,,,,,,,,,,,,
j_bmcbi_MichalskyDGP05,Q24815386,,journals/bmcbi/MichalskyDGP05,journals/bmcbi/MichalskyDGP05,,,10.1186/1471-2105-6-122,,,,,,,,,,,,,
j_bmcbi_Mons05,Q24815466,,journals/bmcbi/Mons05,journals/bmcbi/Mons05,,,10.1186/1471-2105-6-142,,,,,,,,,,,,,
j_midm_NajmiM05,Q24816670,,journals/midm/NajmiM05,journals/midm/NajmiM05,,,10.1186/1472-6947-5-33,,,,,,,,,,,,,
j_midm_LegareGRDTN05,Q24816999,,journals/midm/LegareGRDTN05,journals/midm/LegareGRDTN05,,,10.1186/1472-6947-5-31,,,,,,,,,,,,,
j_ploscb_BerezovskyCCS05,Q24817209,,journals/ploscb/BerezovskyCCS05,journals/ploscb/BerezovskyCCS05,,,10.1371/JOURNAL.PCBI.0010047,,,,,,,,,,,,,
j_bmcbi_PopescuY05,Q24817211,,journals/bmcbi/PopescuY05,journals/bmcbi/PopescuY05,,,10.1186/1471-2105-6-217,,,,,,,,,,,,,
j_bmcbi_LemaE05,Q24817214,,journals/bmcbi/LemaE05,journals/bmcbi/LemaE05,,,10.1186/1471-2105-6-226,,,,,,,,,,,,,
j_nar_NakanoNVTSM06,Q25255243,,journals/nar/NakanoNVTSM06,journals/nar/NakanoNVTSM06,,,10.1093/NAR/GKJ077,,,,,,,,,,,,,
j_bmcbi_Grosse_CoosmannBS05,Q25255551,,journals/bmcbi/Grosse-CoosmannBS05,journals/bmcbi/Grosse-CoosmannBS05,,,10.1186/1471-2105-6-290,,,,,,,,,,,,,
j_bmcbi_YiHCHS06,Q25255552,,journals/bmcbi/YiHCHS06,journals/bmcbi/YiHCHS06,,,10.1186/1471-2105-7-30,,,,,,,,,,,,,
j_bmcbi_PageEGYWTA06,Q25255599,,journals/bmcbi/PageEGYWTA06,journals/bmcbi/PageEGYWTA06,,,10.1186/1471-2105-7-84,,,,,,,,,,,,,
j_bmcbi_Bollback06,Q25255632,,journals/bmcbi/Bollback06,journals/bmcbi/Bollback06,,,10.1186/1471-2105-7-88,,,,,,,,,,,,,
j_nar_ShahiLBKKMEGGB06,Q25255667,,journals/nar/ShahiLBKKMEGGB06,journals/nar/ShahiLBKKMEGGB06,,,10.1093/NAR/GKJ093,,,,,,,,,,,,,
j_bmcbi_KimJW06,Q25255674,,journals/bmcbi/KimJW06,journals/bmcbi/KimJW06,,,10.1186/1471-2105-7-44,,,,,,,,,,,,,
j_bmcbi_CroceLC06,Q25255685,,journals/bmcbi/CroceLC06,journals/bmcbi/CroceLC06,,,10.1186/1471-2105-7-45,,,,,,,,,,,,,
j_nar_KumarBGPKUS06,Q25255830,,journals/nar/KumarBGPKUS06,journals/nar/KumarBGPKUS06,,,10.1093/NAR/GKJ103,,,,,,,,,,,,,
j_bmcbi_KimPBBSA06,Q25256309,,journals/bmcbi/KimPBBSA06,journals/bmcbi/KimPBBSA06,,,10.1186/1471-2105-7-35,,,,,,,,,,,,,
j_bmcbi_GesuGBRS05,Q25256986,,journals/bmcbi/GesuGBRS05,journals/bmcbi/GesuGBRS05,,,10.1186/1471-2105-6-289,,,,,,,,,,,,,
j_nar_EyreDSPBL06,Q25257061,,journals/nar/EyreDSPBL06,journals/nar/EyreDSPBL06,,,10.1093/NAR/GKJ147,,,,,,,,,,,,,
j_bmcbi_LiRJLXGZWDLLZW06,Q25257119,,journals/bmcbi/LiRJLXGZWDLLZW06,journals/bmcbi/LiRJLXGZWDLLZW06,,,10.1186/1471-2105-7-26,,,,,,,,,,,,,
j_bmcbi_BerrarBD06,Q25257130,,journals/bmcbi/BerrarBD06,journals/bmcbi/BerrarBD06,,,10.1186/1471-2105-7-73,,,,,,,,,,,,,
j_nar_BensonKLOW06,Q25257250,,journals/nar/BensonKLOW06,journals/nar/BensonKLOW06,,,10.1093/NAR/GKJ157,,,,,,,,,,,,,
j_bmcbi_SalgadoSGPPMKC06,Q25257513,,journals/bmcbi/SalgadoSGPPMKC06,journals/bmcbi/SalgadoSGPPMKC06,,,10.1186/1471-2105-7-5,,,,,,,,,,,,,
j_bmcbi_DurandLMDVVW06,Q25257531,,journals/bmcbi/DurandLMDVVW06,journals/bmcbi/DurandLMDVVW06,,,10.1186/1471-2105-7-21,,,,,,,,,,,,,
j_nar_MarkowitzKPSWPZDHALMIK06,Q25257667,,journals/nar/MarkowitzKPSWPZDHALMIK06,journals/nar/MarkowitzKPSWPZDHALMIK06,,,10.1093/NAR/GKJ024,,,,,,,,,,,,,
j_nar_KohlPLRH06,Q25257727,,journals/nar/KohlPLRH06,journals/nar/KohlPLRH06,,,10.1093/NAR/GKJ030,,,,,,,,,,,,,
j_nar_SimsBGZB06,Q25257804,,journals/nar/SimsBGZB06,journals/nar/SimsBGZB06,,,10.1093/NAR/GKJ038,,,,,,,,,,,,,
j_nar_CuiVRWJLMd06,Q25257887,,journals/nar/CuiVRWJLMd06,journals/nar/CuiVRWJLMd06,,,10.1093/NAR/GKJ055,,,,,,,,,,,,,
j_nar_YeatsMMDLAO06,Q25257896,,journals/nar/YeatsMMDLAO06,journals/nar/YeatsMMDLAO06,,,10.1093/NAR/GKJ057,,,,,,,,,,,,,
j_nar_GoldJ06,Q25257912,,journals/nar/GoldJ06,journals/nar/GoldJ06,,,10.1093/NAR/GKJ062,,,,,,,,,,,,,
j_nar_DieterichKFWJ06,Q25257921,,journals/nar/DieterichKFWJ06,journals/nar/DieterichKFWJ06,,,10.1093/NAR/GKJ071,,,,,,,,,,,,,
c_rose_CarrJL10,Q25932806,,conf/rose/CarrJL10,conf/rose/CarrJL10,,,10.1109/ROSE.2010.5675319,,,,,,,,,,,,,
c_iasam_SundermanW12,Q25932886,,conf/iasam/SundermanW12,conf/iasam/SundermanW12,,,10.1109/IAS.2012.6374081,,,,,,,,,,,,,
j_nar_TorenBTLMF16,Q26197378,,journals/nar/TorenBTLMF16,journals/nar/TorenBTLMF16,,,10.1093/NAR/GKV1187,,,,,,,,,,,,,
c_eurocrypt_2010,Q26216026,,conf/eurocrypt/eurocrypt2010,,,,10.1007/978-3-642-13190-5,,,,,,,,,,978-3-642-13189-9,,,
j_rfc_rfc5234,Q26701848,,journals/rfc/rfc5200-5299,,,,10.17487/RFC5234,,,,,,,,,,,,,
j_jocn_SpuntML15,Q26722183,,journals/jocn/SpuntML15,journals/jocn/SpuntML15,,,10.1162/JOCN_A_00785,,,,,,,,,,,,,
j_sensors_Herrera_MaySVMV16,Q26738624,,journals/sensors/Herrera-MaySVMV16,journals/sensors/Herrera-MaySVMV16,,,10.3390/S16091359,,,,,,,,,,,,,
j_sensors_AllisonJCJ16,Q26739961,,journals/sensors/AllisonJCJ16,journals/sensors/AllisonJCJ16,,,10.3390/S16081310,,,,,,,,,,,,,
j_sensors_ZhangZ16a,Q26739964,,journals/sensors/ZhangZ16a,journals/sensors/ZhangZ16a,,,10.3390/S16081308,,,,,,,,,,,,,
j_sensors_RighiniS16,Q26744345,,journals/sensors/RighiniS16,journals/sensors/RighiniS16,,,10.3390/S16060905,,,,,,,,,,,,,
j_ploscb_MaximovaMMNS16,Q26749162,,journals/ploscb/MaximovaMMNS16,journals/ploscb/MaximovaMMNS16,,,10.1371/JOURNAL.PCBI.1004619,,,,,,,,,,,,,
j_gpb_RuhleS16,Q26751395,,journals/gpb/RuhleS16,journals/gpb/RuhleS16,,,10.1016/J.GPB.2016.03.001,,,,,,,,,,,,,
j_cse_GrossmanHMPW16,Q26759597,,journals/cse/GrossmanHMPW16,,,,10.1109/MCSE.2016.92,,,,,,,,,,,,,
j_gpb_FangF16,Q26765422,,journals/gpb/FangF16,journals/gpb/FangF16,,,10.1016/J.GPB.2015.09.006,,,,,,,,,,,,,
j_sensors_SpringerS16,Q26767240,,journals/sensors/SpringerS16,journals/sensors/SpringerS16,,,10.3390/S16020194,,,,,,,,,,,,,
j_sensors_NguyenNF16,Q26769987,,journals/sensors/NguyenNF16,journals/sensors/NguyenNF16,,,10.3390/S16010072,,,,,,,,,,,,,
j_jbi_HammMAP16,Q26771661,,journals/jbi/HammMAP16,journals/jbi/HammMAP16,,,10.1016/J.JBI.2015.12.013,,,,,,,,,,,,,
j_gpb_MaL15,Q26772108,,journals/gpb/MaL15,journals/gpb/MaL15,,,10.1016/J.GPB.2015.12.001,,,,,,,,,,,,,
j_cin_CowardG16,Q26773149,,journals/cin/CowardG16,journals/cin/CowardG16,,,10.1155/2016/8625875,,,,,,,,,,,,,
j_sensors_ShiZLCJ15,Q26774245,,journals/sensors/ShiZLCJ15,journals/sensors/ShiZLCJ15,,,10.3390/S151229845,,,,,,,,,,,,,
j_ficn_YgerG15,Q26776200,,journals/ficn/YgerG15,journals/ficn/YgerG15,,,10.3389/FNCOM.2015.00138,,,,,,,,,,,,,
j_midm_LuoNSSJ15,Q26776289,,journals/midm/LuoNSSJ15,journals/midm/LuoNSSJ15,,,10.1186/S12911-015-0224-9,,,,,,,,,,,,,
j_gpb_RhoadsA15,Q26778958,,journals/gpb/RhoadsA15,journals/gpb/RhoadsA15,,,10.1016/J.GPB.2015.08.002,,,,,,,,,,,,,
j_sensors_ZhangHPM15,Q26778981,,journals/sensors/ZhangHPM15,journals/sensors/ZhangHPM15,,,10.3390/S151026478,,,,,,,,,,,,,
j_ficn_Fernandez_Sotos16,Q26779552,,journals/ficn/Fernandez-Sotos16,journals/ficn/Fernandez-Sotos16,,,10.3389/FNCOM.2016.00080,,,,,,,,,,,,,
j_bioinformatics_ZhuSEG15,Q26779638,,journals/bioinformatics/ZhuSEG15,journals/bioinformatics/ZhuSEG15,,,10.1093/BIOINFORMATICS/BTV186,,,,,,,,,,,,,
j_ficn_Bower15,Q26779690,,journals/ficn/Bower15,journals/ficn/Bower15,,,10.3389/FNCOM.2015.00129,,,,,,,,,,,,,
j_sensors_AlanaziE15,Q26781305,,journals/sensors/AlanaziE15,journals/sensors/AlanaziE15,,,10.3390/S150922209,,,,,,,,,,,,,
j_jamia_WolffBCGSYD16,Q26782276,,journals/jamia/WolffBCGSYD16,journals/jamia/WolffBCGSYD16,,,10.1093/JAMIA/OCW025,,,,,,,,,,,,,
j_cmmm_GiglioliPPSR15,Q26785369,,journals/cmmm/GiglioliPPSR15,journals/cmmm/GiglioliPPSR15,,,10.1155/2015/862942,,,,,,,,,,,,,
j_bmcmi_BoudabbousAPKRM15,Q26799156,,journals/bmcmi/BoudabbousAPKRM15,journals/bmcmi/BoudabbousAPKRM15,,,10.1186/S12880-015-0072-1,,,,,,,,,,,,,
j_bmcmi_NorumREO15,Q26800115,,journals/bmcmi/NorumREO15,journals/bmcmi/NorumREO15,,,10.1186/S12880-015-0067-Y,,,,,,,,,,,,,
j_sensors_ZakiCAA15,Q26801168,,journals/sensors/ZakiCAA15,journals/sensors/ZakiCAA15,,,10.3390/S150819069,,,,,,,,,,,,,
j_bib_SongRRDWS14,Q26823003,,journals/bib/SongRRDWS14,journals/bib/SongRRDWS14,,,10.1093/BIB/BBT067,,,,,,,,,,,,,
j_sensors_AlgieriDGD14,Q26823459,,journals/sensors/AlgieriDGD14,journals/sensors/AlgieriDGD14,,,10.3390/S140813863,,,,,,,,,,,,,
j_neuroimage_WiebkingDTHMDBN14,Q26830571,,journals/neuroimage/WiebkingDTHMDBN14,journals/neuroimage/WiebkingDTHMDBN14,,,10.1016/J.NEUROIMAGE.2013.04.042,,,,,,,,,,,,,
j_nature_X16g,Q26831385,,journals/nature/X16g,journals/nature/X16g,,,10.1038/536249A,,,,,,,,,,,,,
j_bib_Haubold14,Q26852236,,journals/bib/Haubold14,journals/bib/Haubold14,,,10.1093/BIB/BBT083,,,,,,,,,,,,,
j_bib_TripletB14,Q26853553,,journals/bib/TripletB14,journals/bib/TripletB14,,,10.1093/BIB/BBT031,,,,,,,,,,,,,
j_gpb_ZouMYZ15,Q26862676,,journals/gpb/ZouMYZ15,journals/gpb/ZouMYZ15,,,10.1016/J.GPB.2015.01.006,,,,,,,,,,,,,
j_jdi_Reiner15b,Q26862744,,journals/jdi/Reiner15b,journals/jdi/Reiner15b,,,10.1007/S10278-015-9794-4,,,,,,,,,,,,,
j_sensors_TaoLZF12,Q26863641,,journals/sensors/TaoLZF12,journals/sensors/TaoLZF12,,,10.3390/S120202255,,,,,,,,,,,,,
j_neuroimage_BihanJ12,Q26866050,,journals/neuroimage/BihanJ12,journals/neuroimage/BihanJ12,,,10.1016/J.NEUROIMAGE.2011.11.006,,,,,,,,,,,,,
j_corr_GillaniYEH14,Q26869220,,journals/corr/GillaniYEH14,,,,,1411.3662,,,,,,,,,,,,
c_wikis_KleinGRKZ16,Q26955946,,conf/wikis/KleinGRKZ16,conf/wikis/KleinGRKZ16,,,10.1145/2957792.2957798,,,,,,,,,,,,,
j_sensors_AstSLD12,Q26993246,,journals/sensors/AstSLD12,journals/sensors/AstSLD12,,,10.3390/S120607015,,,,,,,,,,,,,
j_cmmm_LvWSZCDCDHTWCL13,Q26996702,,journals/cmmm/LvWSZCDCDHTWCL13,journals/cmmm/LvWSZCDCDHTWCL13,,,10.1155/2013/989307,,,,,,,,,,,,,
j_midm_PhansalkarDCYDCTMBB13,Q26999857,,journals/midm/PhansalkarDCYDCTMBB13,journals/midm/PhansalkarDCYDCTMBB13,,,10.1186/1472-6947-13-65,,,,,,,,,,,,,
j_jdi_SiddiquiNBD14,Q27001622,,journals/jdi/SiddiquiNBD14,journals/jdi/SiddiquiNBD14,,,10.1007/S10278-014-9673-4,,,,,,,,,,,,,
j_cmmm_WangQW14,Q27002584,,journals/cmmm/WangQW14,journals/cmmm/WangQW14,,,10.1155/2014/104535,,,,,,,,,,,,,
j_cbm_SeixasZLCM14,Q27003160,,journals/cbm/SeixasZLCM14,journals/cbm/SeixasZLCM14,,,10.1016/J.COMPBIOMED.2014.04.010,,,,,,,,,,,,,
j_midm_GriebelPKTCLES15,Q27008226,,journals/midm/GriebelPKTCLES15,journals/midm/GriebelPKTCLES15,,,10.1186/S12911-015-0145-7,,,,,,,,,,,,,
j_jdi_Reiner13f,Q27008930,,journals/jdi/Reiner13f,journals/jdi/Reiner13f,,,10.1007/S10278-013-9609-4,,,,,,,,,,,,,
j_bib_KaulV15,Q27009095,,journals/bib/KaulV15,journals/bib/KaulV15,,,10.1093/BIB/BBT077,,,,,,,,,,,,,
j_neuroimage_Biswal12,Q27009140,,journals/neuroimage/Biswal12,journals/neuroimage/Biswal12,,,10.1016/J.NEUROIMAGE.2012.01.090,,,,,,,,,,,,,
j_cmmm_MarcuH12,Q27011493,,journals/cmmm/MarcuH12,journals/cmmm/MarcuH12,,,10.1155/2012/960256,,,,,,,,,,,,,
j_neuroimage_Fox12,Q27012833,,journals/neuroimage/Fox12,journals/neuroimage/Fox12,,,10.1016/J.NEUROIMAGE.2012.01.103,,,,,,,,,,,,,
j_gpb_JinZSZYHZCR14,Q27015706,,journals/gpb/JinZSZYHZCR14,journals/gpb/JinZSZYHZCR14,,,10.1016/J.GPB.2014.10.002,,,,,,,,,,,,,
j_neuroimage_Maguire12,Q27025514,,journals/neuroimage/Maguire12,journals/neuroimage/Maguire12,,,10.1016/J.NEUROIMAGE.2012.01.009,,,,,,,,,,,,,
j_jdi_KoLN12,Q27025939,,journals/jdi/KoLN12,journals/jdi/KoLN12,,,10.1007/S10278-011-9443-5,,,,,,,,,,,,,
j_sensors_HayatM14,Q27027253,,journals/sensors/HayatM14,journals/sensors/HayatM14,,,10.3390/S140610432,,,,,,,,,,,,,
j_midm_RaaffGW14,Q27027611,,journals/midm/RaaffGW14,journals/midm/RaaffGW14,,,10.1186/1472-6947-14-8,,,,,,,,,,,,,
j_gpb_GeS11,Q27027627,,journals/gpb/GeS11,journals/gpb/GeS11,,,10.1016/S1672-0229(11)60015-6,,,,,,,,,,,,,
j_sensors_Vazquez_CorralB14,Q27027698,,journals/sensors/Vazquez-CorralB14,journals/sensors/Vazquez-CorralB14,,,10.3390/S140303965,,,,,,,,,,,,,
