Fuente,Count
total,5391047
https://doi.org,4440740
http://arxiv.org,245068
https://arxiv.org,95825
http://ceur-ws.org,41177
http://ieeexplore.ieee.org,31531
https://www.aclweb.org,30845
http://aisel.aisnet.org,25476
http://www.isca-speech.org,22399
http://hdl.handle.net,19774
http://d-nb.info,19342
http://dl.acm.org,18891
http://www.aaai.org,17559
https://tel.archives-ouvertes.fr,17116
https://dl.gi.de,13338
https://ieeexplore.ieee.org,12905
http://eprint.iacr.org,11702
http://knowledge.amia.org,10914
http://doi.ieeecomputersociety.org,10868
http://proceedings.mlr.press,10015
https://proceedings.neurips.cc,9860
http://ethos.bl.uk,9307
https://dl.acm.org,7492
https://mindmodeling.org,7354
https://www.usenix.org,7188
https://aisel.aisnet.org,6099
http://www.lrec-conf.org,5824
http://content.iospress.com,5673
https://www.online-journals.org,4855
http://ijcai.org,4845
http://www.vldb.org,4762
https://eprint.iacr.org,4602
https://nbn-resolving.org,3982
https://aaai.org,3750
http://www.cmg.org,3592
http://www.combinatorics.org,3482
http://openaccess.thecvf.com,3240
http://eccc.hpi-web.de,2888
http://drops.dagstuhl.de,2563
http://www.ingentaconnect.com,2535
http://www.usenix.org,2494
http://www.jstor.org,2488
http://www.kybernetika.cz,2416
https://repository.isls.org,2340
http://editions-rnti.fr,2282
http://aaai.org,2250
https://openreview.net,2105
http://ajc.maths.uq.edu.au,2029
http://www.igi-global.com,2021
http://www.booksonline.iospress.nl,2020
http://www.jcomputers.us,2000
http://doi.acm.org,1999
https://firstmonday.org,1927
http://www.oldcitypublishing.com,1925
https://dslpitt.org,1917
http://www.informationr.net,1905
http://www.iis.sinica.edu.tw,1893
http://portal.acm.org,1892
http://www.escholarship.org,1872
http://trec.nist.gov,1871
http://crpit.scem.westernsydney.edu.au,1781
http://papers.nips.cc,1750
https://www.aaai.org,1656
http://iai-uiserv1.iai.fzk.de,1640
https://www.tandfonline.com,1578
http://www.nime.org,1532
http://sites.computer.org,1507
http://www.jmis-web.org,1505
http://www.cinc.org,1493
http://rcs.cic.ipn.mx,1442
http://www.rintonpress.com,1431
https://www.elen.ucl.ac.be,1402
http://jmlr.org,1394
https://www.internationalphoneticassociation.org,1355
http://ijns.jalaxy.com.tw,1276
http://ercim-news.ercim.eu,1270
http://b2.cvl.iis.u-tokyo.ac.jp,1242
http://idl.iscram.org,1184
http://misq.org,1158
http://journal.sepln.org,1134
http://pi.informatik.uni-siegen.de,1115
http://research.nii.ac.jp,1107
http://www.eusflat.org,1097
http://psb.stanford.edu,1058
https://easychair.org,1014
http://www.teses.usp.br,1007
http://journals.cambridge.org,1002
http://search.ieice.org,1000
http://iajit.org,998
http://www.degruyter.com,994
http://ewic.bcs.org,983
http://www.jsjkx.com,966
http://www.dpunkt.de,935
http://math.colgate.edu,900
http://www.digra.org,892
http://www.ifets.info,890
http://www.oreilly.de,885
https://cogsci.mindmodeling.org,881
http://bit.kuas.edu.tw,857
http://dmtcs.episciences.org,857
https://eccc.weizmann.ac.il,845
https://jise.org,842
http://www.jucs.org,836
http://www.iassistdata.org,816
http://www.aicit.org,813
http://www.informatica.si,813
http://jasss.soc.surrey.ac.uk,783
https://www.ndss-symposium.org,758
http://www.elen.ucl.ac.be,738
http://www.roboticsproceedings.org,719
http://www.scpe.org,682
http://www.complex-systems.com,679
https://cyber.bibl.u-szeged.hu,669
http://www.ijcai.org,661
http://www.vde-verlag.de,659
http://wscg.zcu.cz,657
http://www.math.md,649
http://dl.mensch-und-computer.de,644
https://www.j-ets.net,631
http://handle.unsw.edu.au,625
https://www.itcon.org,622
http://www.crcnetbase.com,599
http://www.educationaldatamining.org,590
http://www.cai.sk,588
https://www.isa-afp.org,587
http://ppig.org,580
https://www.combinatorics.org,557
http://www.cccg.ca,547
http://cys.cic.ipn.mx,535
http://dcpapers.dublincore.org,526
https://tac.nist.gov,526
http://mitpress.mit.edu,524
http://www.kuenstliche-intelligenz.de,522
http://scidok.sulb.uni-saarland.de,522
http://ci-journal.net,521
http://journal.acs.org.au,517
http://repositorio.unicamp.br,517
http://www.dr.hut-verlag.de,513
http://www.digitalhumanities.org,496
https://www-nlpir.nist.gov,496
http://eprints.soton.ac.uk,491
http://elj.warwick.ac.uk,489
http://tuprints.ulb.tu-darmstadt.de,482
http://www.mva-org.jp,481
http://digbib.ubka.uni-karlsruhe.de,478
https://cs.uwaterloo.ca,476
https://dh2020.adho.org,476
http://www.ep.liu.se,474
http://www.koreascience.or.kr,474
https://ercim-news.ercim.eu,466
http://cidrdb.org,445
http://journal.iberamia.org,443
http://www.mii.lt,432
http://dh2016.adho.org,432
https://dh2017.adho.org,421
http://computationalcreativity.net,416
http://misqe.org,403
http://hmd.dpunkt.de,393
http://ebooks.iospress.nl,392
http://biaa.eu,385
http://eatcs.org,385
http://ifets.ieee.org,381
http://auai.org,380
http://dharchive.org,375
http://educationaldatamining.org,370
http://wer.inf.puc-rio.br,366
http://www.cscan.org,364
http://www.ijcnis.org,359
http://www.mifav.uniroma2.it,353
http://www.bmva.org,353
http://www.stringology.org,352
https://dh2018.adho.org,340
http://alexia.lis.uiuc.edu,333
http://resolver.tudelft.nl,326
http://www.sav.sk,325
https://hdl.handle.net,323
http://iwbbio.ugr.es,318
http://ist.publisher.ingentaconnect.com,315
https://www.oldcitypublishing.com,314
https://bulletin.jcdl.org,313
http://crl.acrl.org,311
http://urlib.net,311
https://icml.cc,311
http://www.jlcl.org,310
http://www.cys.cic.ipn.mx,307
http://opus.kobv.de,304
http://www.aclclp.org.tw,303
http://repositorio.ufsc.br,301
https://lirias.kuleuven.be,298
http://www.tmrfindia.org,297
http://epubs.siam.org,296
http://www.ecsi-association.org,291
http://tsi.revuesonline.com,289
http://reference.sabinet.co.za,287
http://etheses.whiterose.ac.uk,286
http://bmvc2018.org,280
https://www.worldcat.org,279
http://www.informs-sim.org,278
http://library.cuhk.edu.hk,278
https://aaltodoc.aalto.fi,275
http://net2.shams.edu.eg,274
http://jise.iis.sinica.edu.tw,271
http://aimsciences.org,270
http://ejlt.org,267
http://imr.sandia.gov,266
http://ufal.mff.cuni.cz,264
http://ijebm.ie.nthu.edu.tw,264
http://www.jtaer.com,260
http://elib.uni-stuttgart.de,258
http://www.hpl.hp.com,256
http://icsa.cs.up.ac.za,255
http://journals.tdl.org,250
http://webdoc.sub.gwdg.de,245
,243
http://icml.cc,243
http://proceedings.spiedigitallibrary.org,240
http://cccg.ca,239
http://www.imaging.org,238
http://publications.lib.chalmers.se,238
https://diglib.eg.org,236
http://www.engineeringletters.com,235
http://diglib.eg.org,235
http://purl.flvc.org,235
http://www.aiml.net,234
http://dh2013.unl.edu,234
https://opus4.kobv.de,233
https://journals.umcs.pl,232
http://www2003.org,232
http://www.webology.org,230
https://bmvc2019.org,230
http://www.ijnc.org,227
http://eprints-phd.biblio.unitn.it,227
http://www.worldscinet.com,225
http://www.jthtl.org,219
http://subs.emis.de,219
http://hss.ulb.uni-bonn.de,217
http://www.ijsi.org,214
http://www.minas.medellin.unal.edu.co,213
https://transacl.org,212
http://theses.gla.ac.uk,211
http://dline.info,209
https://misq.org,208
https://trec.nist.gov,208
http://rita.det.uvigo.es,207
http://link.springer.com,205
https://drive.google.com,205
http://cdm.ucalgary.ca,205
http://wrap.warwick.ac.uk,203
http://vldb.org,202
http://gamestudies.org,201
http://darwin.bth.rwth-aachen.de,201
https://fedcsis.org,201
http://lup.lub.lu.se,201
http://discovery.ucl.ac.uk,200
http://nlp.fi.muni.cz,198
https://www.bmvc2020-conference.com,197
http://www.dh2012.uni-hamburg.de,196
http://cit.srce.hr,194
http://dl.ifip.org,192
https://aclweb.org,192
http://inforsid.fr,192
http://www.geoinfo.info,191
https://www.cys.cic.ipn.mx,190
http://hillside.net,190
http://www.bibliotecadigital.unicamp.br,190
http://ibis.in.tum.de,189
http://www.dline.info,188
https://www.dropbox.com,186
https://hal.archives-ouvertes.fr,184
http://ora.ox.ac.uk,184
http://www.psychnology.org,183
http://amsdottorato.unibo.it,183
http://iacss.org,180
http://www.dlib.org,178
https://journal.acs.org.au,176
http://studia.complexica.net,175
http://www-nlpir.nist.gov,175
http://ws.acs.org.au,174
http://www.iphils.uj.edu.pl,174
http://edoc.ub.uni-muenchen.de,174
http://perpetualinnovation.net,173
http://www.lbd.dcc.ufmg.br,171
http://mitiq.mit.edu,171
https://link.springer.com,170
http://www.mulberrytech.com,168
http://seer.lcc.ufmg.br,165
http://www.ibai-publishing.org,164
http://hal.archives-ouvertes.fr,164
http://etheses.bham.ac.uk,164
http://www.dagstuhl.de,163
http://www.acm.org,161
http://www.comp.nus.edu.sg,158
http://polibits.cidetec.ipn.mx,157
https://ijsdir.sadl.kuleuven.be,156
http://www.cse.iitb.ac.in,156
http://eprints.nottingham.ac.uk,154
http://www.collegepublications.co.uk,153
http://www.actapress.com,153
https://www.scpe.org,152
http://eprints.aston.ac.uk,152
https://shonan.nii.ac.jp,150
http://www.w3.org,149
http://www.jips-k.org:80,149
http://cs.anu.edu.au,148
http://elib.tu-darmstadt.de,148
http://repositorio.unb.br,148
http://xtf-prod.stanford.edu,147
https://ijcopi.org,146
https://content.iospress.com,145
https://tacl2013.cs.columbia.edu,142
http://www.atala.org,140
http://www.dirf.org,140
http://www2.warwick.ac.uk,140
http://elib.suub.uni-bremen.de,140
http://mediatum2.ub.tum.de,140
http://www.info.uaic.ro,138
http://www.tdp.cat,138
http://www.ub.uni-heidelberg.de,138
http://cjtcs.cs.uchicago.edu,137
http://dh2010.cch.kcl.ac.uk,137
http://www.iajit.org,136
http://edoc.hu-berlin.de,136
http://www.springer.com,135
http://ismir2011.ismir.net,134
http://www.diss.fu-berlin.de,133
https://www.sciencedirect.com,131
http://tumb1.biblio.tu-muenchen.de,131
http://wp.internetsociety.org,131
http://www.db-thueringen.de,130
http://www.ceas.cc,129
http://dspace.library.uu.nl:8080,128
http://vts.uni-ulm.de,127
http://ismir2007.ismir.net,127
http://bura.brunel.ac.uk,127
http://cit.srce.unizg.hr,125
http://www.wi2015.uni-osnabrueck.de,125
http://www.iajet.org,124
http://www.jite.org,124
http://ismir2009.ismir.net,124
http://www.jstage.jst.go.jp,123
http://publications.rwth-aachen.de,122
http://ojps.aip.org,121
http://www.comp.hkbu.edu.hk,121
http://nime.org,121
http://urn.fi,121
http://cit.fer.hr,120
http://www.linguamatica.com,119
http://purl.utwente.nl,119
http://www.biomedcentral.com,118
http://www.colips.org,118
http://ediss.sub.uni-hamburg.de,118
https://educationaldatamining.org,118
https://www.esann.org,118
http://orbilu.uni.lu,117
http://www.maxwell.vrac.puc-rio.br,116
http://eprints.kingston.ac.uk,116
http://www.opus.ub.uni-erlangen.de,115
http://logicandanalysis.org,114
http://archives.ismir.net,114
http://ismir2015.uma.es,114
http://ismir2005.ismir.net,114
http://www.fdg2015.org,114
http://edok01.tib.uni-hannover.de,113
https://wp.nyu.edu,113
http://www.bd.bibl.ita.br,113
http://interval.louisiana.edu,112
http://tinytocs.org,112
http://www.lanoms.org,112
https://publikationen.sulb.uni-saarland.de,112
http://ismir2010.ismir.net,110
http://www.springerlink.com,109
http://www.afnlp.org,109
http://www.cambridge.org,108
http://www.cmis.csiro.au,108
http://www.ams.org,107
http://journal.seriousgamessociety.org,107
http://www.terasoft.com.tw,107
http://www.mt-archive.info,106
http://www.ideals.illinois.edu,105
http://isi.revuesonline.com,105
http://ismir2004.ismir.net,105
http://ismir2008.ismir.net,105
http://www.gatsby.ucl.ac.uk,105
http://mcfns.com,104
http://www.jilp.org,104
http://ismir2018.ircam.fr,104
http://jise.iis.sinica.edu.tw:80,103
http://joi.jlc.jst.go.jp,103
https://kluedo.ub.uni-kl.de,103
http://www.lrdc.pitt.edu,103
http://orca.cf.ac.uk,103
https://www.spiedigitallibrary.org,102
https://elbib.ru,100
http://www.oreilly.com,100
http://ismir2012.ismir.net,100
http://www.aes.org,100
http://www.fdg2013.org,100
http://www.manchester.ac.uk,100
http://www.fedoa.unina.it,100
http://www.sciencedirect.com,99
http://www10.org,99
https://dspace.lboro.ac.uk,99
http://www.jvrb.org,98
http://www.ppgia.pucpr.br,98
http://ajiips.com.au,97
https://ismir2017.smcnus.org,97
http://www.opus-bayern.de,96
http://etheses.dur.ac.uk,96
https://european-lisp-symposium.org,95
http://qmro.qmul.ac.uk,95
http://journals.hil.unb.ca,93
http://dn.revuesonline.com,93
http://sbbd.org.br,93
http://tede2.pucrs.br,93
https://seer.lcc.ufmg.br,92
http://collegepublications.co.uk,92
http://www.iptps.org,91
http://www.vamos-workshop.net,91
http://www.fdg2014.org,91
http://www.lbd.dcc.ufmg.br:8080,90
http://www.simvis.org,89
http://eprints.eemcs.utwente.nl,89
http://www.datenbank-spektrum.de,88
http://conferences.sigcomm.org,88
https://repositorio.ufsc.br,87
https://arima.episciences.org,86
http://edocs.tu-berlin.de,86
http://oops.uni-oldenburg.de,86
http://duepublico.uni-duisburg-essen.de,86
http://elpub.architexturez.net,84
https://amc-journal.eu,83
http://research.microsoft.com,83
http://www.emeraldinsight.com,82
http://www.jbiomedsem.com,82
http://www.informaworld.com,82
http://www.graphicsinterface.org,82
http://www.humanpub.org,81
http://ubdata.uni-paderborn.de,81
http://bieson.ub.uni-bielefeld.de,81
http://www.computationalcreativity.net,81
http://rutcor.rutgers.edu,81
http://pisis.unalmed.edu.co,80
http://elbib.kpfu.ru,80
https://www.ronpub.com,78
http://comad.in,78
http://www.cs.uic.edu,78
http://kar.kent.ac.uk,78
http://eudl.eu,77
http://ijcopi.org,77
http://www.isif.org,77
http://www.freidok.uni-freiburg.de,77
http://conference.iiis.tsinghua.edu.cn,77
http://www.eurocris.org,77
http://eprints.lancs.ac.uk,77
http://ria.revuesonline.com,76
https://www.base-search.net,76
http://www.easychair.org,76
https://edoc.ub.uni-muenchen.de,76
http://jite.org,75
https://ojs.bibsys.no,75
http://www.irit.fr,75
http://eu.wiley.com,74
http://www.lix.polytechnique.fr,74
http://archiv.ub.uni-marburg.de,73
http://www.oegai.at,73
http://atala.org,72
https://opus.bibliothek.uni-wuerzburg.de,72
http://pub.uni-bielefeld.de,72
http://www.icwsm.org,72
http://www.jsoftware.us,71
http://jcse.kiise.org,71
http://www.students.informatik.uni-luebeck.de,71
http://ctw2011.dia.uniroma3.it,71
http://www.icad.org,71
http://liris.cnrs.fr,71
http://ijebm-ojs.ie.nthu.edu.tw,70
http://publikationen.ub.uni-frankfurt.de,70
http://www.sub.uni-hamburg.de,70
http://www.csulb.edu,69
http://sro.sussex.ac.uk,69
http://dad.uni-bielefeld.de,68
https://ub-madoc.bib.uni-mannheim.de,68
https://proceedings.mlsys.org,68
http://mediatum.ub.tum.de,68
http://www.electronicmarkets.org,67
https://www.vde-verlag.de,67
http://www.sse-tubs.de,67
http://www.scit.wlv.ac.uk,66
http://www.computer.org,66
http://www-db.cs.wisc.edu,66
https://lmcs.episciences.org,65
http://dokumentix.ub.uni-siegen.de,65
http://firstmonday.org,64
http://bulletin.eatcs.org,64
http://www.ijcla.bahripublications.com,64
http://wwwvis.informatik.uni-stuttgart.de,64
http://ojs.bibsys.no,63
http://repositorio.ufba.br,63
https://www.db-thueringen.de,63
http://www.ijvr.org,62
https://periodicos.ufmg.br,62
https://collegepublications.co.uk,62
https://luca-giuzzi.unibs.it,62
http://epress.lib.uts.edu.au,62
http://www.adms-conf.org,62
http://isaim2008.unl.edu,62
http://www.ibis.uni-oldenburg.de,61
http://eldorado.tu-dortmund.de:8080,61
http://sylvester.bth.rwth-aachen.de,61
http://dspace.mit.edu,61
https://repositorio.ufpe.br,61
https://publikationen.uni-tuebingen.de,61
http://researchrepository.napier.ac.uk,61
http://opus.bibliothek.uni-augsburg.de,60
https://corpora.linguistik.uni-erlangen.de,60
http://www.uic.edu,59
http://web1.bib.uni-hildesheim.de,59
http://eprints.hud.ac.uk,59
http://veprints.unica.it,59
http://w210.ub.uni-tuebingen.de,58
http://www.jips-k.org,57
http://ismir2002.ismir.net,57
http://cgm.cs.mcgill.ca,57
http://eprints.bournemouth.ac.uk,57
http://ubdok.uni-paderborn.de,57
https://www.collegepublications.co.uk,56
http://archiv.ub.uni-heidelberg.de,56
http://www.kde.cs.uni-kassel.de,56
http://ejournals.wspc.com.sg,55
http://www.utica.edu,55
http://openaccess.city.ac.uk,55
http://digitool.abdn.ac.uk,55
http://www.academypublisher.com,54
http://geo.revuesonline.com,53
http://www.win.tue.nl,53
http://wotug.org,53
http://www.fullcycles.org,52
http://static.usenix.org,52
http://www.pims.math.ca,52
http://aass.oru.se,52
http://2012.cccg.ca,52
http://dbs.informatik.uni-halle.de,52
http://kups.ub.uni-koeln.de,52
https://hss-opus.ub.ruhr-uni-bochum.de,52
http://ixdea.uniroma2.it,51
http://colt2008.cs.helsinki.fi,51
http://isaim2018.cs.virginia.edu,51
http://splc2010.postech.ac.kr,51
http://epubs.surrey.ac.uk,51
https://www.ijcnis.org,50
http://docserv.uni-duesseldorf.de,50
http://bibserv7.bib.uni-mannheim.de,50
http://decsai.ugr.es,50
http://ismir2003.ismir.net,50
http://www.cs.umanitoba.ca,50
http://rosdok.uni-rostock.de,50
http://anytime.cs.umass.edu,50
https://repositorio.ufu.br,50
http://www.repositorio.ufc.br,50
http://hydra.hull.ac.uk,50
https://www.complex-systems.com,49
http://wwwiti.cs.uni-magdeburg.de,49
https://isca-speech.org,49
http://kluedo.ub.uni-kl.de,49
http://WWW.CQVIP.COM,48
http://bioinformatics.oupjournals.org,48
http://www.gil-net.de,48
http://www.satisfiability.org,48
http://www.puk-workshop.de,48
http://www.cs.queensu.ca,48
http://research.cs.queensu.ca,48
http://colt2010.haifa.il.ibm.com,48
http://opus4.kobv.de,48
http://www.ercim.org,47
http://ippserv.ugent.be,47
https://sapientia.pucsp.br,47
http://danae.uni-muenster.de,46
http://www.jrpit.acs.org.au,46
http://www.gamestudies.org,46
https://www.dagstuhl.de,46
http://www.lucs.lu.se,46
http://ecmr07.informatik.uni-freiburg.de,46
https://publikationsserver.tu-braunschweig.de,46
http://hsss.slub-dresden.de,46
https://ueaeprints.uea.ac.uk,46
http://repositorio.utfpr.edu.br,45
http://deposit.fernuni-hagen.de,45
http://www.pearson-studium.de,44
http://bookstore.siam.org,44
https://www.cscan.org,44
http://uncomp.uwe.ac.uk,44
http://www.carleton-scientific.com,44
http://www.softwarepreservation.org,44
http://www.cs.mcgill.ca,44
http://www.dafx14.fau.de,44
http://eldiss.uni-kiel.de,44
https://publications.rwth-aachen.de,44
http://repository.liv.ac.uk,44
http://gala.gre.ac.uk,44
http://research.i2r.a-star.edu.sg,43
http://quod.lib.umich.edu,43
http://www.cs.uleth.ca,43
http://ridi.ibict.br,43
http://intranet.minas.medellin.unal.edu.co,42
http://storageconference.org,42
http://www.vrsj.org,42
https://freidok.uni-freiburg.de,41
http://www.utia.cas.cz,41
https://www.linguistics.rub.de,41
https://www.freidok.uni-freiburg.de,41
https://cys.cic.ipn.mx,40
http://www.mitpressjournals.org,40
http://static.cambridge.org,40
http://www.crcpress.com,40
https://www.taylorfrancis.com,40
http://isaim2016.cs.virginia.edu,40
http://www.u-bourgogne.fr,40
http://uncertainty99.microsoft.com,40
http://oleg.lib.strath.ac.uk,40
https://iajit.org,39
http://diglib.uni-magdeburg.de,39
https://publikationen.bibliothek.kit.edu,39
http://infosecon.net,39
http://www.i-semantics.at,39
http://dspace.c3sl.ufpr.br:8080,39
http://www.e-ifi.org,38
http://e-ifi.org,38
http://www.cs.rpi.edu,38
http://csapps.essex.ac.uk,38
http://sebd2012.dei.unipd.it,38
http://www.bcs.org,38
http://web.archive.org,38
http://www.micai.org,37
https://publishup.uni-potsdam.de,37
http://www.ub.uni-konstanz.de,37
https://truthandtrustonline.com,37
http://usir.salford.ac.uk,37
http://www.shaker.de,36
http://sbbd2016.fpc.ufba.br,36
http://www.univ-paris12.fr,36
http://www.uvka.de,36
http://repositorio.ufpe.br,36
http://www.upress.uni-kassel.de,36
http://etheses.lse.ac.uk,36
http://projecteuclid.org,35
https://www.ram-verlag.eu,35
http://www.semanticweb.org,35
http://ismir2000.ismir.net,35
http://www.sistedes.es,35
http://www.isi.edu,35
http://www.edbt2000.uni-konstanz.de,35
http://opus.bibliothek.uni-wuerzburg.de,35
https://pub.uni-bielefeld.de,35
https://kops.uni-konstanz.de,34
http://eldorado.uni-dortmund.de:8080,34
http://dyna.unalmed.edu.co,33
http://www.e-informatyka.pl,33
http://netfiles.uiuc.edu,33
http://www.zpid.de,33
http://www.inf.uni-konstanz.de,33
https://vigilworkshop.github.io,33
https://repositorio.ufscar.br,33
http://www.firstmonday.org,32
https://www.ijimai.org,32
http://www.indiana.edu,32
http://www.ctit.utwente.nl,32
http://www.raid-symposium.org,32
http://eprints.mdx.ac.uk,32
http://www.ijimai.org,31
http://compscinet.dcs.kcl.ac.uk,31
http://madoc.bib.uni-mannheim.de,31
http://www.lib.unb.ca,31
http://dl.kr.org,31
http://www.cs.nmsu.edu,31
http://cs.ioc.ee,31
http://opus.bath.ac.uk,31
http://www.iacss.org,30
http://jtaer.com,30
http://library.queensu.ca,30
http://www.ifac-papersonline.net,30
http://gemo.futurs.inria.fr,30
http://weis2006.econinfosec.org,30
http://gscl2015.inf.uni-due.de,30
http://macau.uni-kiel.de,30
http://www-brs.ub.ruhr-uni-bochum.de,30
http://kclpure.kcl.ac.uk,30
http://www.webology.ir,29
http://www.extenza-eps.com,29
https://mitpress.mit.edu,29
http://mariachi.dsic.upv.es,29
http://www.tark.org,29
http://rochi.utcluj.ro,29
http://www.i-u.de,29
http://tede.ufam.edu.br,29
http://kola.opus.hbz-nrw.de,29
http://jodi.ecs.soton.ac.uk,28
http://ukcatalogue.oup.com,28
http://archiv.ub.uni-bielefeld.de,28
http://mlg07.dsi.unifi.it,28
http://www.csdl.tamu.edu,28
http://opus.tu-bs.de,28
http://log-in.fachdid.fu-berlin.de,27
https://jdmdh.episciences.org,27
http://www.scitepress.org,27
http://airweb.cse.lehigh.edu,27
http://www.scangis.org,27
https://tede2.pucsp.br,27
http://www.lncc.br,27
https://docserv.uni-duesseldorf.de,27
http://nrl.northumbria.ac.uk,27
http://207.210.83.249,26
http://cibse.inf.puc-rio.br,26
http://weis2008.econinfosec.org,26
http://www.info-ab.uclm.es,26
http://ic2009.inria.fr,26
http://www.simpleweb.org,26
http://www.doc.ic.ac.uk,26
http://lia.deis.unibo.it,26
http://www.siam.org,26
http://dev.hil.unb.ca,26
http://isaim2020.cs.ou.edu,26
http://www.coldewey.com,26
http://repositorio.ufrn.br,26
http://ksiresearch.org,25
http://www.kr.tuwien.ac.at,25
https://www.oeaw.ac.at,25
http://www.cie.ict.csiro.au,25
http://hss-opus.ub.ruhr-uni-bochum.de,25
http://oro.open.ac.uk,25
http://ts.revuesonline.com,24
http://ipsapp007.kluweronline.com,24
http://www.cmu.edu,24
http://miless.uni-essen.de,24
http://ubm.opus.hbz-nrw.de,24
http://www.aisb.org.uk,24
http://weis2010.econinfosec.org,24
http://www.is.informatik.uni-kiel.de,24
http://wwwdb.informatik.uni-rostock.de,24
http://www.dbs.cs.uni-duesseldorf.de,24
http://www.ieee-student-conference.de,24
http://www.informatica-didactica.de,23
http://muse.jhu.edu,23
http://c3.ndc.nasa.gov,23
https://www.programmazionelogica.it,23
http://www.di.uevora.pt,23
http://www.econinfosec.org,23
http://gauss.ececs.uc.edu,23
http://www-uilots.let.uu.nl,23
http://www.teses.ufc.br,23
http://doku.b.tu-harburg.de,23
https://duepublico2.uni-due.de,23
http://archiv.tu-chemnitz.de,23
https://www.crcpress.com,22
https://ledgerjournal.org,22
https://jitm.ubalt.edu,22
http://www.eminds.uniovi.es,22
http://shop.oreilly.com,22
http://epub.uni-regensburg.de,22
http://www.research.att.com,22
http://weis2007.econinfosec.org,22
http://woa07.disi.unige.it,22
http://se.uwaterloo.ca,22
http://www.eng.uci.edu,22
http://repositorio.ipen.br:8080,22
http://www.sbbd-sbes2005.ufu.br,21
http://weis09.infosecon.net,21
http://www.dcs.elf.stuba.sk,21
http://ubt.opus.hbz-nrw.de,21
http://dspace.sti.ufcg.edu.br:8080,21
https://opus.bibliothek.uni-augsburg.de,21
https://www.repo.uni-hannover.de,21
http://edoc.bibliothek.uni-halle.de,21
https://kclpure.kcl.ac.uk,21
https://journals.riverpublishers.com,20
https://www.degruyter.com,20
https://global.oup.com,20
http://rtns2011.irccyn.ec-nantes.fr,20
http://www.dei.unipd.it,20
http://weis2011.econinfosec.org,20
http://www.nlh.no,20
http://www.locus.ufv.br,20
https://www.arca.fiocruz.br,20
http://www.zhb.uni-luebeck.de,20
http://www.jacobs-university.de,20
http://www.epubli.de,20
https://dspace.ub.uni-siegen.de,20
https://epub.uni-bayreuth.de,20
http://geb.uni-giessen.de,20
http://repository.essex.ac.uk,20
https://www.techscience.com,19
https://journals.carleton.ca,19
http://www.cordis.lu,19
http://www.cs.cornell.edu,19
http://c3.nasa.gov,19
http://weis2012.econinfosec.org,19
http://asso-aria.org,19
http://comad2005.persistent.co.in,19
http://www.uni-giessen.de,19
http://www.sztaki.hu,19
http://www.repositorio.ufba.br,19
http://e-diss.uni-kiel.de,19
http://www.gbv.de,18
http://www.bdtd.uerj.br,18
http://elpub.bib.uni-wuppertal.de,18
https://kola.opus.hbz-nrw.de,18
http://www.ub.uni-duisburg.de,18
http://journals.sagepub.com,17
http://www.research.ibm.com,17
https://onlinelibrary.wiley.com,17
http://www.btw2001.de,17
http://www.db.ucsd.edu,17
http://www-rocq.inria.fr,17
http://www.cse.ogi.edu,17
http://ismir2001.ismir.net,17
http://www.se-hci.org,17
http://repositorio.unifesp.br,17
https://refubium.fu-berlin.de,17
http://www.unibw.de,17
http://e-pub.uni-weimar.de,17
http://elib.ub.uni-osnabrueck.de,17
http://www.ub.uni-siegen.de,17
http://www.elsevier.com,16
http://jair.org,16
http://www.unioviedo.es,16
http://vig.pearsoned.com,16
http://ksiresearchorg.ipage.com,16
https://cyberdefensereview.army.mil,16
http://event.cwi.nl,16
http://lotos.library.uu.nl,16
http://www.geo.unizh.ch,16
http://repositorio.ufes.br,16
https://macau.uni-kiel.de,16
https://ub-deposit.fernuni-hagen.de,16
https://www.grin.com,16
http://opus.ub.uni-bayreuth.de,16
http://www.dspace.cam.ac.uk,16
http://tobias-lib.uni-tuebingen.de,16
http://dl.comsoc.org,15
http://www.cs.helsinki.fi,15
http://oreilly.com,15
http://docserver.bis.uni-oldenburg.de,15
http://www.tu-braunschweig.de,15
http://www.performance-symposium.org,15
http://www-db.in.tum.de,15
http://www.bdtd.ufscar.br,15
http://repositorio.ufrn.br:8080,15
http://dochost.rz.hu-berlin.de,15
http://kops.ub.uni-konstanz.de,15
http://research.gold.ac.uk,15
http://137.193.200.177,15
http://tobias-lib.ub.uni-tuebingen.de,15
http://freidok.ub.uni-freiburg.de,15
http://control.ibspan.waw.pl:3000,14
https://jlcl.org,14
http://www.almaden.ibm.com,14
http://140.114.53.122,14
https://www.cambridge.org,14
https://www.ingentaconnect.com,14
http://webdb2008.como.polimi.it,14
http://webdb09.cse.buffalo.edu,14
http://tede.mackenzie.br,14
https://www.zhb.uni-luebeck.de,14
http://www.ub.tu-cottbus.de,14
http://westminsterresearch.wmin.ac.uk,14
http://dspace.library.uu.nl,14
http://www.seer.ufrgs.br,13
http://bioinformatics.oxfordjournals.org,13
http://rml.tcs.uj.edu.pl,13
http://store.elsevier.com,13
http://www.bell-labs.com,13
http://iridia.ulb.ac.be,13
http://www.ximeco.org,13
http://www.disi.unige.it,13
https://doi.ieeecomputersociety.org,13
http://www.plan-x-2007.org,13
http://adcs-conference.org,13
http://dream.inf.ed.ac.uk,13
http://www.cnts.ua.ac.be,13
http://tede.biblioteca.ufpb.br:8080,13
https://kobra.uni-kassel.de,13
http://tubdok.tub.tuhh.de,13
http://repository.royalholloway.ac.uk,13
https://lup.lub.lu.se,13
http://grammars.grlmc.com,12
http://www.scfbm.org,12
http://www.ccis2k.org,12
https://www.computer.org,12
http://www.informit.com,12
http://www.bod.de,12
http://diss.ub.uni-duesseldorf.de,12
http://www.dfrws.org,12
http://www.ips.cs.tu-bs.de,12
http://webdb2011.rutgers.edu,12
https://hal.inria.fr,12
http://www-i2.informatik.rwth-aachen.de,12
http://www.info.uni-karlsruhe.de,12
http://www.medien.ifi.lmu.de,12
http://www.aims-conference.org,12
http://www.wiso.uni-hamburg.de,12
https://repositorio.ufrn.br,12
http://researchonline.ljmu.ac.uk,12
http://miless.uni-duisburg-essen.de,12
http://www.imprint.co.uk,11
https://cdm.ucalgary.ca,11
http://CEUR-WS.org,11
http://odrl.net,11
http://db.ucsd.edu,11
http://db.disi.unitn.eu,11
https://www.imn.htwk-leipzig.de,11
http://mirw08.offis.de,11
http://www.informatik.uni-freiburg.de,11
http://tedebc.ufma.br:8080,11
http://www.biblioteca.pucpr.br,11
http://www.uni-kassel.de,11
http://ipsapp008.kluweronline.com,10
http://www.inderscience.com,10
https://commons.erau.edu,10
http://media.dwds.de,10
http://miami.uni-muenster.de,10
http://textmining.krdl.org.sg,10
http://db.cs.ualberta.ca,10
http://ewi1276.ewi.utwente.nl:3000,10
http://pike.psu.edu,10
https://madoc.bib.uni-mannheim.de,10
http://opus.bsz-bw.de,10
https://athene-forschung.unibw.de,10
http://kops.uni-konstanz.de,10
http://eprints.port.ac.uk,10
http://sure.sunderland.ac.uk,10
http://irep.ntu.ac.uk,10
http://repository.uwl.ac.uk,10
http://jdmdh.episciences.org,9
https://online-journals.org,9
http://www.viewegteubner.de,9
http://www.pearsoned.co.uk,9
http://elib.ub.uni-passau.de,9
http://www.elsevierdirect.com,9
http://www.qucosa.de,9
https://www.elsevier.com,9
http://sundoc.bibliothek.uni-halle.de,9
https://sol.sbc.org.br,9
http://www.in.tu-clausthal.de,9
http://webdb2013.lille.inria.fr,9
http://www-2.cs.cmu.edu,9
http://www.cinq-project.org,9
http://www.epk-community.de,9
http://ssudl.solent.ac.uk,9
http://bear.buckingham.ac.uk,9
http://www.digibib.tu-bs.de,9
http://ipsapp007.lwwonline.com,8
http://press.princeton.edu,8
http://www.taylorandfrancis.com,8
https://annals-csis.org,8
http://www.ximep-2006.org,8
http://p2pir.is.informatik.uni-duisburg.de,8
http://www.bibliotecadigital.uel.br,8
http://zaurak.tm.informatik.uni-frankfurt.de,8
http://research-information.bristol.ac.uk,8
http://www.repository.cam.ac.uk,8
http://e.bangor.ac.uk,8
http://eprints.uwe.ac.uk,8
http://www.mathematik.uni-trier.de,7
http://psychnology.org,7
http://www.eirviaservlets.com,7
http://www.dataquality.com,7
http://jds.revuesonline.com,7
http://www.credencepressltd.com,7
http://www.eg.org,7
http://www.peterlang.com,7
http://www.dbs.ifi.lmu.de,7
http://is2.lse.ac.uk,7
http://ubimob2016.telecom-sudparis.eu,7
http://www.ba-stuttgart.de,7
http://i-semantics.tugraz.at,7
http://search.ndltd.org,7
http://repository.lib.cuhk.edu.hk,7
http://pub.ub.uni-potsdam.de,7
http://athene-forschung.unibw.de,7
https://e-pub.uni-weimar.de,7
http://www.grin.com,7
https://fridolin.tu-freiberg.de,7
http://dspace.lib.cranfield.ac.uk,7
http://centaur.reading.ac.uk,7
http://clok.uclan.ac.uk,7
http://eprints.staffs.ac.uk,7
https://www.jscires.org,6
https://www.clei.org,6
http://www.mmi-interaktiv.de,6
http://www.ii.uj.edu.pl,6
http://www.logos-verlag.de,6
http://www.worldscibooks.com,6
https://ri.ufs.br,6
http://www.repositorio.jesuita.org.br,6
https://hildok.bsz-bw.de,6
http://bibd.uni-giessen.de,6
https://duepublico.uni-duisburg-essen.de:443,6
https://ediss.sub.uni-hamburg.de,6
https://epub.uni-regensburg.de,6
http://edoc.sub.uni-hamburg.de,6
http://eprints.brighton.ac.uk,6
http://eprints.lincoln.ac.uk,6
http://curve.coventry.ac.uk,6
http://se6.kobv.de:8000,6
http://www.informatik.uni-trier.de,5
http://dblp.uni-trier.de,5
https://www.jmlr.org,5
http://ojs.academypublisher.com,5
https://credencepressltd.com,5
http://www.martinweb.zobyhost.com,5
http://www.addison-wesley.de,5
https://www.wiley.com,5
https://www.routledge.com,5
http://www.cuvillier.de,5
http://www.routledge.com,5
http://www.eiffel.com,5
https://www.gi.de,5
http://ibai-publishing.org,5
https://scholarspace.manoa.hawaii.edu,5
http://www.fupress.com,5
http://www.unisg.ch,5
http://repositorio.ufpa.br,5
https://uol.unifor.br,5
http://tede.metodista.br,5
http://ub.unibw-muenchen.de,5
http://eprints.keele.ac.uk,5
http://eprints.glos.ac.uk,5
http://roar.uel.ac.uk,5
https://ses.library.usyd.edu.au,5
http://www.tandfonline.com,4
https://www.springer.com,4
https://www.internetmathematicsjournal.com,4
http://www.jot.fm,4
http://objet.e-revues.com,4
http://www.sigmod.org,4
https://www.emisa-journal.org,4
http://www.comsoc.org,4
http://jcmc.indiana.edu,4
http://www.jcheminf.com,4
http://researchweb.watson.ibm.com,4
http://bookstore.ams.org,4
http://www.pearsonstudium.de,4
https://www.shaker.de,4
http://cslipublications.stanford.edu,4
http://scg.unibe.ch,4
http://www.verlagdrkovac.de,4
http://ls2-www.cs.uni-dortmund.de,4
http://blogs.usenix.org,4
http://toc.proceedings.com,4
https://idc2018girls.files.wordpress.com,4
http://cascavel.ufsm.br,4
http://repositorio.ufsm.br,4
http://theses.mit.edu,4
http://repositorio.bc.ufg.br,4
https://www.upress.uni-kassel.de,4
http://ub-ed.ub.uni-greifswald.de,4
https://dokumente.ub.tu-clausthal.de,4
http://opus.uni-kassel.de,4
http://ArchiMeD.uni-mainz.de,4
http://repository.edgehill.ac.uk,4
http://spiedigitallibrary.aip.org,3
http://www.ecdl2004.org,3
http://panizzi.shef.ac.uk,3
http://www.hb.se,3
http://www.lib.helsinki.fi,3
http://www.jocm.us,3
http://www.comsis.org,3
http://portalparts.acm.org,3
http://www.scholarpedia.org,3
http://www.misq.org,3
http://www.hindawi.com,3
http://jds.e-revues.com,3
http://jitm.ubalt.edu,3
http://store.doverpublications.com,3
http://www.artechhouse.com,3
http://www.biblio.tu-bs.de,3
http://www.beck-shop.de,3
http://www.apress.com,3
http://www.oldenbourg-verlag.de,3
http://www.randomhouse.de,3
http://bookshop.pearson.de,3
http://www.mhprofessional.com,3
https://bookstore.ams.org,3
http://www.lehmanns.de,3
http://www.aka-verlag.com,3
http://www.mpi-sb.mpg.de,3
http://www.mkp.com,3
http://www.wisdom.weizmann.ac.il,3
https://sites.google.com,3
http://wwwisg.cs.uni-magdeburg.de,3
https://www.akbc.ws,3
http://www.iscram.org,3
http://www.issi-society.org,3
http://www.atlantis-press.com,3
http://openproceedings.org,3
http://asonam.cpsc.ucalgary.ca,3
https://iclr.cc,3
https://www.mdpi.com,3
http://tede2.uepg.br,3
http://www.bc.furb.br,3
http://repositorio.ufla.br,3
http://bdtd.ufs.br,3
http://locus.ufv.br,3
https://edocs.tib.eu,3
http://opus.uni-lueneburg.de,3
http://www.bis.uni-oldenburg.de,3
http://www.ub.uni-koeln.de,3
https://ubt.opus.hbz-nrw.de,3
http://opus.unibw-hamburg.de,3
http://ualresearchonline.arts.ac.uk,3
http://eprints.ioe.ac.uk,3
http://dbis.uni-trier.de,2
https://www.w3.org,2
http://cgi.csc.liv.ac.uk,2
http://www.internetmathematicsjournal.com,2
http://nbn-resolving.de,2
http://objet.revuesonline.com,2
http://www.rinton.net,2
http://www.cs.caltech.edu,2
https://ojs.aaai.org,2
https://www.jair.org,2
http://cm.bell-labs.com,2
http://www.cs.auc.dk,2
https://www.bvl.de,2
https://www.jstage.jst.go.jp,2
http://www2.echo.lu,2
http://www.eyrolles.com,2
http://kbibmp3.ub.uni-kl.de,2
http://www.igi-pub.com,2
http://permalink.obvsg.at,2
http://shop.vdi-nachrichten.com,2
http://www.hanser-fachbuch.de,2
http://dpunkt.de,2
http://books.google.de,2
http://www.akpeters.com,2
https://www.awesomemath.org,2
http://www.manning.com,2
http://www.mypearsonstore.com,2
http://publica.fraunhofer.de,2
http://www.mcclelland.com,2
http://www.stanford.edu,2
http://www.oldenbourg-wissenschaftsverlag.de,2
http://www.imsglobal.org,2
http://www.cs.umd.edu,2
http://members.aol.com,2
https://aif.bit.uni-bonn.de,2
https://en.wikipedia.org,2
https://www.db-book.com,2
http://ls10-www.cs.uni-dortmund.de,2
http://dbms.uni-muenster.de,2
http://dbs.uni-leipzig.de,2
https://web.stanford.edu,2
http://www-db.stanford.edu,2
https://www.ercim.eu,2
http://staff.city.ac.uk,2
https://www.lucs.lu.se,2
http://citeseerx.ist.psu.edu,2
http://www.asso-aria.org,2
https://www.isca-speech.org,2
https://www.erp-management.de,2
http://www.aaai.orgLibrary,2
http://www.read.cs.ucla.edu,2
http://nips.djvuzone.org,2
http://inforsid2012.espace-dev.fr,2
http://www.cs.man.ac.uk,2
http://www.cs.ust.hk,2
http://www-formal.stanford.edu,2
http://www.stub.unibe.ch,2
http://doc.rero.ch,2
https://repositorio.ucs.br,2
http://tede.unioeste.br,2
http://ri.ufs.br,2
http://www.repositorio.ufal.br,2
https://uolp.unifor.br,2
http://repositorio.cbc.ufms.br:8080,2
http://tede.bibliotecadigital.puc-campinas.edu.br:8080,2
http://www.tedebc.ufma.br,2
http://biblioteca.unisantos.br:8181,2
http://www.repositorio.ufpa.br:8080,2
http://opus.uni-hohenheim.de,2
http://hss.ulb.uni-bonn.de:90,2
http://www.tewiss-verlag.de,2
http://publications.ub.uni-mainz.de,2
http://www.ulb.uni-duesseldorf.de,2
http://publikationen.stub.uni-frankfurt.de,2
http://sova.sulb.uni-saarland.de,2
https://www.svh-verlag.de,2
https://www.repo.uni-hannover.de:443,2
http://www.bibliothek.uni-regensburg.de,2
http://unibw.de,2
http://radar.brookes.ac.uk,2
http://bbktheses.da.ulcc.ac.uk,2
https://www.repository.cam.ac.uk,2
http://nectar.northampton.ac.uk,2
http://shura.shu.ac.uk,2
https://ora.ox.ac.uk,2
http://digital.ub.uni-paderborn.de,2
http://dol.dl.uni-leipzig.de,2
http://www.vdi-nachrichten.com,2
https://openaccess.leidenuniv.nl,2
https://spectreattack.com,1
https://meltdownattack.com,1
http://www.ic.unicamp.br,1
http://www.mcjones.org,1
http://www.mitre.org,1
http://www.aiim.org,1
http://xml.coverpages.org,1
http://www.klaus-tschira-stiftung.de,1
http://www.lemis.com,1
http://www.pms.ifi.lmu.de,1
http://www.scielo.br,1
http://www.revistas.unal.edu.co,1
http://www.clei.org,1
http://www.biodatamining.org,1
http://db.in.tum.de,1
http://dbs.mathematik.uni-marburg.de,1
https://www.linguamatica.com,1
http://journal.iis.sinica.edu.tw,1
http://www1.elsevier.com,1
http://www.isecure-journal.com,1
http://www.jclinbioinformatics.com,1
http://www.univ-lyon3.fr,1
http://InformationR.net,1
http://www.cais-acsi.ca,1
http://conference.ub.uni-bielefeld.de,1
http://www.alise.org,1
http://www.informatik2004.de,1
http://www.almob.org,1
http://ticc.uvt.nl,1
https://www.wikidata.org,1
http://jamia.bmj.com,1
https://www.jstor.org,1
http://www.josis.org,1
http://pubs.acs.org,1
http://itiis.org,1
http://www.theatlantic.com,1
http://www.w3j.com,1
http://metalab.unc.edu,1
http://www.macrothink.org,1
https://www.buchkomplizen.de,1
http://www.cstp.umkc.edu,1
https://10.0.23.137,1
https://superfri.org,1
http://ojs.kpfu.ru,1
http://www.wirtschaftsinformatik.de,1
http://jancl.e-revues.com,1
http://theorie.informatik.uni-ulm.de,1
http://webology.org,1
http://www.cs.bham.ac.uk,1
http://front.cc.nctu.edu.tw,1
https://www.mii.lt,1
http://www.coi.gov.uk,1
http://www.subtech.warwick.ac.uk,1
http://www.parliament.the-stationery-office.co.uk,1
http://www.ukonline.gov.uk,1
http://www.hmso.gov.uk,1
https://tosc.iacr.org,1
https://dblp.org,1
http://www.iospress.nl,1
https://www.eyrolles.com,1
http://www.koerber-stiftung.de,1
http://www.epflpress.com,1
http://uvka.ubka.uni-karlsruhe.de,1
http://borkur.sdf-eu.org,1
https://rowman.com,1
http://www.vanharen-library.net,1
http://e-collection.ethbib.ethz.ch,1
http://www.network-theory.co.uk,1
http://evolution-textbook.org,1
http://www.search-engines-book.com,1
https://www.harpercollins.com,1
http://www.heldermann.de,1
http://www.us.oup.com,1
http://www.morganclaypool.com,1
https://www.beck-shop.de,1
http://sierke-verlag.de,1
http://csunplugged.org,1
https://www2.informatik.uni-erlangen.de,1
http://www.oreilly.at,1
http://www.opensourcepress.de,1
http://www.lit-verlag.de,1
http://martinfowler.com,1
http://www.iupress.indiana.edu,1
http://sse.uni-hildesheim.de,1
http://www.lannoo.com,1
http://www.press.umich.edu,1
http://www.perseusbooksgroup.com,1
http://www.hamptonpress.com,1
http://adriancheok.info,1
http://dwv-net.de,1
http://www.mypearsonstore.ca,1
http://www.c-s-p.org,1
http://web.stanford.edu,1
http://www.lit-on.de,1
http://www.realitybites.nu,1
http://catalogue.pearsoned.co.uk,1
http://www.lob.de,1
http://www.libripublishing.co.uk,1
http://c2.com,1
https://nlp.stanford.edu,1
http://www.bsik-bricks.nl,1
http://www.kendallhunt.com,1
http://www.cs.huji.ac.il,1
http://repository.tudelft.nl,1
http://vig.prenhall.com,1
http://www.aufbau-verlag.de,1
http://www.fink.de,1
http://www.macmillanhighered.com,1
https://courses.csail.mit.edu,1
http://phindia.com,1
http://press.uchicago.edu,1
http://www.diva-portal.org,1
http://www.elementsofinformationtheory.com,1
http://downloads.akpeters.com,1
http://ppur.epfl.ch,1
http://www.sup.org,1
http://www.narr-shop.de,1
http://www.cl.cam.ac.uk,1
http://www.cs.brown.edu,1
http://www.gerkoole.com,1
https://www.lehmanns.de,1
http://csd.informatik.uni-oldenburg.de,1
https://www.iat.eu,1
http://www.deeplearningbook.org,1
http://www.hup.harvard.edu,1
http://eprints.uni-kiel.de,1
http://logos-verlag.de,1
http://www.kilkki.net,1
http://www.mi-wirtschaftsbuch.de,1
http://www.artima.com,1
http://www.brill.nl,1
http://www.comlab.ox.ac.uk,1
http://www.berlinstory.de,1
http://www.gi.de,1
http://yalepress.yale.edu,1
http://www.psypress.com,1
https://homotopytypetheory.org,1
http://www.pearsonhighered.com,1
http://www.pragprog.com,1
http://compendio.ch,1
http://vig.pearsoned.co.uk,1
http://www.millin.de,1
http://www.dslbook.org,1
http://www.sustainablesoftware.info,1
http://www.olwir.de,1
http://www.suhrkamp.de,1
https://mitp.de,1
https://www.novapublishers.com,1
http://www.it-fachportal.de,1
http://gegenstalt.com,1
http://book.realworldhaskell.org,1
https://www.bookworks.org.uk,1
http://www.statmt.org,1
http://www.guilford.com,1
http://peterwild.net,1
http://www.cs.ubc.ca,1
https://eldorado.tu-dortmund.de,1
http://www.netlib.org,1
http://nostarch.com,1
http://esripress.esri.com,1
http://www.obeythetestinggoat.com,1
http://www.dcc.uchile.cl,1
http://www.penguin.co.uk,1
http://www.gabler.de,1
https://www.dpunkt.de,1
http://www.ems-ph.org,1
http://react.cs.uni-sb.de,1
http://koopman.us,1
http://jhupbooks.press.jhu.edu,1
http://www.ciscopress.com,1
http://us.macmillan.com,1
http://research.cs.wisc.edu,1
https://www.pearson-studium.de,1
http://www.brill.com,1
https://www.manning.com,1
http://shop.tmiltd.com,1
http://riverpublishers.com,1
http://www.theiet.org,1
http://www.tcw.de,1
http://humbert.in.hagen.de,1
http://wiese.free.fr,1
http://www.cul.de,1
https://www.igi-global.com,1
http://www.ituring.com.cn,1
http://www.redbook.io,1
http://www.transcript-verlag.de,1
http://www.fit-in-it.ch,1
https://www.nomos-elibrary.de,1
http://www.facetpublishing.co.uk,1
http://www.signiform.com,1
https://www.feldhaus-verlag.de,1
http://www-igm.univ-mlv.fr,1
http://www.maths.bath.ac.uk,1
http://www.cs.wisc.edu,1
http://www.mcgraw-hill.co.uk,1
http://bit.ly,1
http://www.educ.ethz.ch,1
http://www.wi-inf.uni-essen.de,1
http://www.rechneraufbau-und-rechnerstrukturen.de,1
https://store.elsevier.com,1
http://www.worldcat.org,1
http://www.webdragons.net,1
https://people.eng.unimelb.edu.au,1
http://www.nobius.org,1
http://hanj.cs.illinois.edu,1
http://www.cs.waikato.ac.nz,1
http://www.dogma.net,1
http://www.semantic-web-book.org,1
http://i.stanford.edu,1
http://cacr.uwaterloo.ca,1
http://home.t-online.de,1
http://vip.db.dk,1
https://my.siam.org,1
http://www.oldenbusch-verlag.de,1
http://gchandbook.org,1
http://os-book.com,1
http://www.cs.vu.nl,1
http://cs.nyu.edu,1
http://ibook.ics.uci.edu,1
http://www.wiley.com,1
http://www.cs.bgu.ac.il,1
http://www.info.ucl.ac.be,1
http://www.gp-field-guide.org.uk,1
https://www.mitp.de,1
https://www.lap-publishing.com,1
http://www.mmds.org,1
http://www.dataminingbook.info,1
http://www.cambridgescholars.com,1
http://www.nr.com,1
https://www.cs.cmu.edu,1
https://kernelmethods.blogs.bristol.ac.uk,1
https://www.math.auckland.ac.nz,1
http://vr.cs.uiuc.edu,1
http://planning.cs.uiuc.edu,1
http://www.ifi.unizh.ch,1
http://www.iam.unibe.ch,1
http://page.mi.fu-berlin.de,1
http://www.dbs.informatik.uni-muenchen.de,1
http://www.yawlbook.com,1
http://www.lsi.upc.es,1
http://u.cs.biu.ac.il,1
http://www.davidsalomon.name,1
http://rw4.cs.uni-sb.de,1
http://www.cs.toronto.edu,1
http://jeffe.cs.illinois.edu,1
https://www.phindia.com,1
https://bigdata.uni-saarland.de,1
http://www.jjj.de,1
http://www.praesens.at,1
http://homepages.cwi.nl,1
http://mpa.itc.it,1
http://www.cs.mu.oz.au,1
http://www.seas.smu.edu,1
http://webdam.inria.fr,1
http://www.atarimania.com,1
https://www-cs-faculty.stanford.edu,1
http://modperl.com:9000,1
http://www.hackersdelight.org,1
http://www-users.cs.umn.edu,1
http://www.mir2ed.org,1
http://www.dcc.ufmg.br,1
http://www.spinellis.gr,1
http://www.cs.princeton.edu,1
http://web.cecs.pdx.edu,1
https://c3.nasa.gov,1
http://i-u.gky01.punkt.de,1
http://www.cis.cornell.edu,1
http://cibse2017.inf.ufes.br,1
http://cognet.mit.edu,1
http://paluno.uni-due.de,1
http://garmann.com,1
http://www.iste.uni-stuttgart.de,1
https://seer.ufmg.br,1
http://dexl.lncc.br,1
http://mitpress2.mit.edu,1
http://www.dsic.upv.es,1
https://ausdm.org,1
http://ctw.uni-koeln.de,1
http://www.algosyn.rwth-aachen.de,1
http://miua.blogs.lincoln.ac.uk,1
https://research.chalmers.se,1
http://www.cs.cmu.edu,1
http://www.sdsc.edu,1
https://iem.kug.ac.at,1
https://www.verlag.fraunhofer.de,1
http://esug.org,1
http://www2013.org,1
http://www.terena.nl,1
http://www.ccs.neu.edu,1
http://theory.lcs.mit.edu,1
http://csrc.nist.gov,1
http://www.auai.org,1
http://www.menhapublishers.com,1
http://www.a3l.org,1
https://www.cs.auckland.ac.nz,1
http://rpsonline.com.sg,1
http://semantics.kisti.re.kr,1
http://sgouros.com,1
http://webdb2005.uhasselt.be,1
http://papers.ssrn.com,1
http://weis2009.econinfosec.org,1
http://ssrn.com,1
http://www.cs.virginia.edu,1
http://ontologydesignpatterns.org,1
https://iscram2019.webs.upv.es,1
https://iscram2018.rit.edu,1
http://www.informatik.uni-ulm.de,1
http://www.gmd.de,1
https://katalog.slub-dresden.de,1
https://www.ncgeo.nl,1
http://www.slideshare.net,1
https://www.eecs.umich.edu,1
http://www.youtube.com,1
http://homes.create.aau.dk,1
http://dui.uclm.es,1
http://sebd2016.unisalento.it,1
http://doc.utwente.nl,1
http://xxx.lanl.gov,1
https://tinyurl.com,1
https://ewic.bcs.org,1
http://i-know.tugraz.at,1
http://www.sigda.org,1
http://www.ecsi.org,1
https://graphicsinterface.org,1
http://www.nersc.gov,1
http://lucacardelli.name,1
http://lwa2011.dke-research.de,1
http://stacs2009.informatik.uni-freiburg.de,1
http://nethood.org,1
https://pfia2020.fr,1
https://sites.ualberta.ca,1
http://2017.cccg.ca,1
http://ls6-www.informatik.uni-dortmund.de,1
https://portalparts.acm.org,1
https://gi.de,1
http://www.ida.liu.se,1
http://aosd.net,1
http://opensearchlab.otago.ac.nz,1
http://www.ewic.org.uk,1
http://bibtex.github.io,1
https://proceedings.kr.org,1
http://www3.informatik.tu-muenchen.de,1
http://www.brics.dk,1
http://vrsj.t.u-tokyo.ac.jp,1
https://www.atlantis-press.com,1
http://www.mevis-research.de,1
https://www.curac.org,1
http://net.doit.wisc.edu,1
http://www.enviroinfo2014.org,1
http://mils-workshop-2016.mils.community,1
http://mils-workshop-2017.mils.community,1
http://mils-workshop-2015.mils.community,1
http://mils-workshop-2018.mils.community,1
http://wwwi10.lrr.in.tum.de,1
http://www.uniroma2.it,1
http://2004.msrconf.org,1
http://raslan2018.nlp-consulting.net,1
https://eudl.eu,1
http://www.cs.vsb.cz,1
https://www.ijcai.org,1
http://staff.science.uva.nl,1
https://www.iospress.nl,1
https://bmvc2017.london,1
https://openproceedings.org,1
http://www.savera.com,1
https://researchobject.github.io,1
http://www.researchobject.org,1
http://archive-ifsr.org,1
https://dh2011.stanford.edu,1
https://dh2014.org,1
http://delab.csd.auth.gr,1
http://www.zb.unibe.ch,1
http://e-collection.library.ethz.ch,1
https://dial.uclouvain.be,1
https://etd.ohiolink.edu,1
https://people.ischool.berkeley.edu,1
https://groups.csail.mit.edu,1
http://carpedien.ien.gov.br,1
http://bdtd.famerp.br,1
http://tede.unioeste.br:8080,1
http://localhost:8080,1
http://tede2.pucgoias.edu.br:8080,1
https://web.bndes.gov.br,1
http://www.repositorio.ufop.br,1
https://tede.ufam.edu.br,1
http://www.riuni.unisul.br,1
http://www.tede2.ufrpe.br:8080,1
http://191.252.194.60:8080,1
https://www.theses.fr,1
http://www.cs.utexas.edu,1
https://www2.eecs.berkeley.edu,1
http://www.ub.uni-muenchen.de,1
https://openhsu.ub.hsu-hh.de,1
http://publikationen.badw.de,1
http://www.informatik.uni-kiel.de,1
http://ub-dok.uni-trier.de,1
https://openscience.ub.uni-mainz.de,1
https://phka.bsz-bw.de,1
https://www.tewiss-verlag.de,1
https://www.peterlang.com,1
http://www.zhb-flensburg.de,1
http://www.vdm-verlag.de,1
http://erl.bibliothek.uni-wuerzburg.de,1
https://e-publications.khm.de,1
http://www.bib.uni-wuppertal.de,1
http://dup.oa.hhu.de,1
http://www.ksp.kit.edu,1
http://zhb-flensburg.de,1
http://doras.dcu.ie,1
http://pub-data.leuphana.de,1
http://othes.univie.ac.at,1
http://researchonline.rca.ac.uk,1
http://eprints.bucks.ac.uk,1
http://digitool.jmu.ac.uk:8881,1
http://repository.londonmet.ac.uk,1
http://www.anchor-publishing.com,1
http://digirep.rhul.ac.uk,1
https://rke.abertay.ac.uk,1
http://e-space.mmu.ac.uk,1
http://create.canterbury.ac.uk,1
http://etheses.nottingham.ac.uk,1
https://riunet.upv.es,1
http://www.uni-trier.de,1
https://ro.uow.edu.au,1
http://www.theses.fr,1
http://bibliothek.tu-clausthal.de,1
http://baufachinformation.de,1
http://oops.ibit.uni-oldenburg.de,1
http://www.frankfurt-school.de,1
http://cmslib.rrz.uni-hamburg.de,1
http://hup.rrz.uni-hamburg.de,1
http://bibliothek.fzk.de,1
http://www.ihf.bayern.de,1
http://purl.oclc.org,1
https://tuprints.ulb.tu-darmstadt.de,1
http://www.gca-buch.de,1
http://info.ub.uni-potsdam.de,1
https://escholarship.org,1
http://n2t.net,1
https://ntnuopen.ntnu.no,1
https://dspace.library.uu.nl,1
http://andreas-hess.info,1
http://www.rug.nl,1
http://db.cs.berkeley.edu,1
http://pages.di.unipi.it,1
https://yorkspace.library.yorku.ca,1
http://www.uv.es,1
